0,Apr,133
1,Apr,356
2,Dec,263
3,Dec,60
4,May,41
5,Feb,356
6,Oct,55
7,Sep,303
8,Jan,164
9,Jan,49
10,Apr,397
11,Oct,80
12,Nov,52
13,Mar,95
14,Mar,18
15,Nov,181
16,Dec,359
17,Dec,53
18,Feb,91
19,Apr,355
20,Jan,353
21,Aug,356
22,Aug,41
23,Apr,75
24,Feb,94
25,Jan,81
26,Sep,175
27,Dec,56
28,Sep,52
29,Aug,358
30,Sep,48
31,Aug,365
32,Oct,145
33,Aug,354
34,Dec,99
35,Aug,84
36,Jan,151
37,Dec,357
38,Jun,200
39,Nov,15
40,Jun,98
41,Nov,8
42,Oct,95
43,Dec,356
44,Jun,73
45,Aug,319
46,Nov,360
47,Dec,351
48,May,361
49,Apr,129
50,Apr,1
51,Feb,47
52,May,12
53,Jun,358
54,Apr,7
55,Aug,359
56,Aug,67
57,Dec,74
58,Sep,363
59,Mar,38
60,Sep,106
61,Oct,50
62,Feb,95
63,Jan,54
64,Sep,99
65,Jan,355
66,Aug,350
67,May,78
68,Nov,87
69,Oct,300
70,May,52
71,Sep,74
72,Nov,3
73,Apr,12
74,Apr,362
75,Jun,50
76,Jun,34
77,Mar,12
78,Aug,41
79,Aug,125
80,Jul,67
81,Mar,51
82,Jun,167
83,Aug,357
84,Mar,110
85,Dec,358
86,Sep,80
87,Aug,9
88,Feb,43
89,Nov,60
90,Jun,50
91,Aug,362
92,Sep,356
93,Mar,353
94,Mar,9
95,Feb,363
96,Apr,356
97,Feb,51
98,May,356
99,Jul,63
100,Oct,355
101,Jan,399
102,Sep,168
103,Jan,48
104,Oct,12
105,Jun,359
106,Aug,48
107,Sep,97
108,Jun,360
109,May,74
110,May,196
111,May,359
112,Jan,356
113,Oct,297
114,Feb,49
115,Sep,18
116,Jul,357
117,May,154
118,Sep,359
119,Jan,356
120,Dec,357
121,Jun,49
122,Aug,44
123,Jan,357
124,Nov,352
125,Jan,58
126,Sep,360
127,Nov,46
128,Mar,99
129,Jul,360
130,Sep,3
131,Jun,352
132,Dec,355
133,Feb,161
134,May,96
135,Sep,71
136,Mar,356
137,Jan,28
138,Apr,32
139,Mar,28
140,Jan,357
141,Nov,16
142,May,112
143,Aug,177
144,May,357
145,Apr,54
146,Nov,191
147,Apr,48
148,Mar,55
149,Aug,46
150,Mar,78
151,Jun,42
152,Jul,133
153,Dec,41
154,Sep,354
155,Apr,146
156,Dec,301
157,Apr,43
158,Dec,241
159,Feb,98
160,Aug,196
161,Nov,359
162,Dec,94
163,Apr,359
164,Jul,362
165,Sep,230
166,Apr,356
167,May,358
168,Dec,53
169,Nov,370
170,Aug,95
171,Jun,68
172,Nov,353
173,Apr,59
174,Jul,363
175,Jul,6
176,Mar,234
177,Oct,131
178,Dec,144
179,May,188
180,Oct,6
181,Jun,59
182,Feb,75
183,May,357
184,Jan,359
185,Feb,41
186,Nov,53
187,Jan,23
188,Oct,352
189,Jun,50
190,Dec,34
191,Nov,40
192,Jul,352
193,Apr,378
194,Aug,17
195,Sep,22
196,May,58
197,May,54
198,Nov,81
199,Mar,3
200,May,364
201,Feb,14
202,Nov,107
203,Mar,27
204,Oct,362
205,Apr,12
206,Mar,363
207,Jan,373
208,Sep,20
209,Nov,105
210,Aug,1
211,Sep,53
212,Jan,351
213,Sep,363
214,Oct,67
215,May,70
216,Dec,356
217,May,391
218,Dec,359
219,May,160
220,Jul,149
221,Jan,351
222,Sep,268
223,Jun,51
224,Nov,353
225,Feb,1
226,Nov,356
227,Feb,286
228,Jun,325
229,Jul,192
230,May,169
231,Mar,41
232,May,56
233,Jan,360
234,Feb,2
235,Aug,284
236,Dec,51
237,Jan,354
238,Jun,365
239,Feb,364
240,Jun,43
241,Jul,357
242,Sep,51
243,Feb,365
244,May,357
245,Feb,10
246,Aug,358
247,Dec,52
248,Oct,361
249,Feb,353
250,May,163
251,Feb,69
252,Mar,195
253,Sep,87
254,Nov,40
255,Jul,357
256,Sep,55
257,Jan,22
258,Jan,70
259,Aug,69
260,Jul,266
261,Aug,354
262,Jun,360
263,Jul,73
264,Apr,358
265,Apr,89
266,Nov,76
267,Oct,11
268,Sep,85
269,Feb,365
270,May,121
271,Sep,272
272,Aug,356
273,Nov,44
274,Mar,158
275,Nov,72
276,Jul,359
277,Mar,146
278,Nov,357
279,Oct,299
280,Apr,172
281,May,45
282,Sep,358
283,Nov,55
284,Sep,361
285,Jun,55
286,Mar,129
287,Nov,92
288,Aug,95
289,Nov,40
290,Oct,87
291,Jul,125
292,Oct,81
293,Feb,322
294,May,65
295,Oct,357
296,Jan,355
297,Mar,361
298,Jun,40
299,Sep,153
300,Feb,360
301,Oct,55
302,May,19
303,Jul,74
304,Feb,39
305,Apr,3
306,Sep,51
307,Feb,199
308,Oct,358
309,Feb,355
310,Feb,73
311,Feb,41
312,Jul,359
313,Dec,194
314,Jan,355
315,May,354
316,May,360
317,Apr,360
318,Jan,41
319,Jan,143
320,Oct,355
321,Jun,70
322,Oct,54
323,Aug,194
324,Jul,151
325,Dec,191
326,Apr,355
327,Dec,25
328,Apr,233
329,Oct,359
330,Oct,360
331,Jun,145
332,Jan,54
333,Feb,281
334,May,26
335,Dec,50
336,Jan,355
337,Jun,45
338,Jul,358
339,Jun,357
340,Aug,50
341,Sep,58
342,Feb,126
343,Jun,362
344,Apr,53
345,Jan,362
346,Feb,41
347,May,57
348,Apr,354
349,Mar,56
350,Sep,38
351,Sep,46
352,Sep,42
353,Mar,153
354,Aug,54
355,Nov,355
356,Feb,357
357,Apr,2
358,Aug,19
359,Jul,358
360,Oct,49
361,Jan,52
362,Dec,195
363,Nov,351
364,May,286
365,Jul,362
366,Mar,356
367,Jun,40
368,Feb,189
369,Dec,359
370,Dec,39
371,Jun,362
372,May,364
373,Jun,128
374,Feb,43
375,Sep,91
376,Oct,356
377,Jun,3
378,Sep,360
379,Mar,358
380,Apr,359
381,Jan,40
382,Feb,149
383,Sep,358
384,Feb,225
385,Oct,100
386,Oct,290
387,Feb,255
388,Oct,183
389,Apr,53
390,Mar,360
391,Apr,38
392,Feb,360
393,Dec,356
394,Jul,357
395,Sep,16
396,Feb,94
397,Jan,360
398,Sep,36
399,Nov,46
400,Feb,144
401,Dec,89
402,Mar,388
403,Feb,365
404,Sep,62
405,Jan,87
406,Sep,42
407,Aug,354
408,Aug,55
409,Aug,49
410,Dec,54
411,Jul,55
412,Sep,364
413,Jun,190
414,Mar,355
415,Jan,360
416,Dec,187
417,Mar,158
418,May,355
419,Oct,352
420,Jul,58
421,Nov,51
422,Jul,33
423,Jun,57
424,Apr,52
425,Nov,101
426,Apr,203
427,Nov,364
428,Nov,382
429,Sep,362
430,Dec,48
431,Dec,365
432,Apr,7
433,Apr,45
434,Apr,358
435,Jan,240
436,Apr,360
437,Jan,357
438,Feb,316
439,Nov,359
440,Aug,88
441,Mar,362
442,Aug,356
443,Jun,287
444,Jan,358
445,Jul,109
446,May,47
447,Nov,364
448,Feb,96
449,Oct,359
450,Apr,41
451,May,56
452,Apr,355
453,Jun,48
454,Dec,357
455,Dec,361
456,Dec,356
457,Sep,59
458,May,354
459,Aug,352
460,May,355
461,Jul,359
462,Apr,161
463,Jun,160
464,Feb,365
465,Sep,50
466,Jan,52
467,Oct,356
468,Mar,52
469,Jan,51
470,Feb,100
471,May,360
472,Mar,351
473,Nov,47
474,Jan,78
475,Feb,275
476,Mar,50
477,Dec,55
478,Aug,93
479,Jan,177
480,Jan,363
481,May,69
482,Mar,357
483,Mar,184
484,Feb,359
485,Nov,67
486,Mar,110
487,Jul,53
488,Jul,355
489,Apr,76
490,Oct,41
491,Jul,94
492,Jan,56
493,Jun,357
494,Apr,53
495,Feb,53
496,May,49
497,Jun,60
498,Feb,341
499,Dec,274
500,Jul,59
501,Nov,359
502,May,73
503,Mar,116
504,Jan,8
505,Dec,24
506,Aug,398
507,Apr,29
508,Dec,47
509,Feb,360
510,Oct,261
511,May,207
512,Jan,358
513,May,356
514,Jan,40
515,May,58
516,Jul,2
517,Feb,360
518,Sep,119
519,Jul,55
520,Jan,321
521,Sep,51
522,Aug,58
523,Dec,68
524,Jun,53
525,Jul,23
526,Feb,55
527,Dec,91
528,Dec,357
529,Jan,40
530,Sep,162
531,Jul,272
532,Mar,359
533,Jul,354
534,Nov,62
535,Nov,177
536,Aug,85
537,May,352
538,Feb,364
539,Jul,65
540,Jul,51
541,Jan,51
542,Dec,80
543,Apr,82
544,Apr,364
545,Feb,367
546,Apr,44
547,Apr,360
548,Jul,54
549,Apr,42
550,Nov,361
551,Oct,49
552,Nov,49
553,Apr,51
554,Oct,355
555,Jun,211
556,Mar,369
557,Jan,364
558,Jul,360
559,Oct,36
560,May,359
561,Oct,72
562,Feb,82
563,Nov,359
564,Mar,98
565,Mar,130
566,Sep,41
567,May,45
568,Nov,36
569,Oct,41
570,Jun,72
571,Nov,362
572,Sep,101
573,Feb,177
574,Dec,41
575,Jan,58
576,Nov,359
577,May,247
578,Oct,358
579,Dec,60
580,Apr,360
581,Mar,355
582,Oct,351
583,Nov,64
584,Jun,355
585,Dec,178
586,Aug,360
587,Dec,21
588,Feb,33
589,Mar,363
590,Jun,49
591,Jun,195
592,May,357
593,Sep,53
594,Feb,27
595,Aug,355
596,Mar,26
597,May,358
598,Oct,359
599,Feb,271
600,Apr,364
601,May,386
602,Feb,41
603,Jan,95
604,Aug,359
605,Feb,351
606,Oct,58
607,Jul,355
608,Mar,350
609,Nov,54
610,Jan,355
611,Apr,53
612,Jan,0
613,Dec,22
614,Aug,358
615,Nov,385
616,Apr,365
617,May,174
618,Mar,56
619,Jan,43
620,Nov,43
621,Apr,29
622,May,54
623,Dec,59
624,Jul,12
625,Jul,278
626,Jul,54
627,Feb,351
628,Jan,363
629,Nov,55
630,Jun,117
631,Sep,251
632,Feb,365
633,Apr,353
634,Nov,143
635,Apr,363
636,Nov,46
637,Sep,12
638,Apr,67
639,Aug,297
640,Aug,350
641,Jun,371
642,Jul,353
643,Apr,50
644,Mar,45
645,Feb,23
646,Feb,356
647,Oct,1
648,Apr,56
649,Dec,101
650,Jun,363
651,Nov,73
652,Dec,46
653,Feb,122
654,Dec,361
655,Jul,304
656,Nov,365
657,Jan,362
658,Feb,65
659,Jan,350
660,Jun,56
661,Sep,9
662,Mar,0
663,Sep,37
664,Nov,214
665,Aug,214
666,Jan,33
667,Apr,364
668,Sep,3
669,Aug,356
670,Oct,40
671,Apr,55
672,Jan,154
673,Jan,360
674,May,353
675,Apr,358
676,Jan,0
677,Mar,371
678,Sep,167
679,Dec,364
680,Aug,355
681,Oct,300
682,Apr,82
683,Mar,147
684,Sep,27
685,Dec,54
686,Feb,363
687,Apr,355
688,Apr,183
689,Dec,355
690,Oct,74
691,Sep,46
692,Nov,352
693,Jan,183
694,Aug,358
695,Sep,57
696,Oct,357
697,Feb,97
698,Mar,190
699,Nov,351
700,Apr,358
701,Jul,352
702,Oct,365
703,Aug,40
704,Jun,41
705,Feb,48
706,Apr,356
707,Dec,40
708,May,60
709,Mar,47
710,Nov,101
711,Jan,103
712,Jan,358
713,Jun,356
714,Jan,356
715,Jul,361
716,Apr,354
717,Dec,359
718,Jul,353
719,Jul,364
720,Dec,359
721,Mar,365
722,Jul,184
723,Feb,355
724,Apr,12
725,Sep,48
726,Mar,6
727,Sep,27
728,Aug,56
729,Mar,54
730,Jun,358
731,Dec,47
732,Aug,358
733,Mar,45
734,Jan,144
735,Nov,365
736,Apr,74
737,Jan,47
738,Apr,359
739,Jun,240
740,Nov,354
741,Feb,68
742,Sep,88
743,Feb,34
744,Feb,358
745,May,4
746,Aug,391
747,Oct,79
748,May,95
749,Dec,357
750,Nov,30
751,Jan,355
752,Jan,43
753,Jan,249
754,Mar,330
755,Oct,354
756,Jun,98
757,Apr,23
758,May,50
759,Mar,354
760,Apr,14
761,Aug,40
762,Oct,59
763,Jul,291
764,Oct,358
765,Jul,111
766,Dec,359
767,Aug,55
768,Mar,81
769,Sep,78
770,Nov,57
771,Mar,54
772,Jun,361
773,Oct,394
774,Jul,57
775,Jun,73
776,Feb,71
777,Aug,51
778,May,358
779,Apr,42
780,Feb,358
781,Mar,358
782,Apr,357
783,Mar,60
784,Nov,354
785,Oct,277
786,May,46
787,Mar,361
788,Jan,148
789,Nov,359
790,Feb,65
791,Apr,59
792,Dec,363
793,May,93
794,Apr,365
795,Jun,53
796,Nov,126
797,Jul,357
798,Mar,355
799,Jun,351
800,Apr,358
801,Aug,13
802,Mar,372
803,Jan,54
804,Aug,17
805,Sep,51
806,Feb,45
807,Apr,2
808,Oct,163
809,Feb,48
810,Dec,88
811,Feb,48
812,Oct,355
813,Mar,52
814,Mar,52
815,Dec,20
816,Jun,56
817,Nov,364
818,Apr,91
819,Apr,147
820,Dec,86
821,Feb,357
822,Jun,16
823,Jan,356
824,Aug,355
825,Apr,91
826,Apr,359
827,Feb,97
828,Nov,353
829,Oct,365
830,Oct,95
831,Nov,48
832,Jan,381
833,May,363
834,Oct,109
835,Dec,118
836,Nov,354
837,Oct,344
838,Apr,55
839,Jul,58
840,May,358
841,Sep,16
842,Jun,171
843,Jun,87
844,Aug,59
845,Mar,353
846,Dec,360
847,Jun,49
848,Jan,52
849,Dec,98
850,Nov,79
851,Oct,352
852,Jan,358
853,Dec,94
854,Nov,356
855,Oct,360
856,Dec,101
857,Aug,11
858,Aug,162
859,Nov,96
860,Jun,355
861,Jan,86
862,Sep,48
863,May,50
864,Apr,105
865,Jun,54
866,May,359
867,Mar,357
868,Jan,128
869,Mar,44
870,Sep,344
871,Jun,171
872,Sep,47
873,Feb,352
874,Sep,48
875,Aug,14
876,Sep,324
877,Feb,360
878,Nov,27
879,Sep,355
880,Aug,35
881,Sep,32
882,Dec,110
883,Sep,303
884,Jun,108
885,Oct,13
886,Sep,352
887,Mar,357
888,Jul,48
889,Jan,193
890,Sep,356
891,Dec,361
892,Aug,40
893,Feb,153
894,Nov,357
895,Mar,356
896,May,361
897,Aug,359
898,Jan,353
899,Apr,350
900,May,29
901,Dec,350
902,Nov,361
903,Aug,201
904,Jan,16
905,Oct,297
906,Mar,51
907,Feb,358
908,Nov,356
909,May,135
910,Oct,356
911,Sep,74
912,Oct,273
913,Oct,100
914,Aug,360
915,Nov,228
916,Jun,358
917,Oct,66
918,May,360
919,Apr,159
920,Mar,53
921,Feb,256
922,Sep,59
923,Sep,37
924,Jan,365
925,Oct,234
926,Mar,48
927,Jan,55
928,May,148
929,Apr,2
930,Jun,363
931,Dec,358
932,Jul,33
933,Mar,396
934,Jun,365
935,Aug,98
936,Jul,306
937,Feb,64
938,Apr,365
939,Aug,63
940,Dec,58
941,Feb,21
942,Feb,190
943,Dec,350
944,Nov,178
945,Aug,365
946,Aug,364
947,Oct,139
948,Jan,364
949,Jan,350
950,Feb,54
951,Dec,365
952,Oct,60
953,Feb,7
954,Aug,353
955,May,15
956,Jan,51
957,Dec,273
958,Nov,356
959,Nov,355
960,Jun,352
961,Sep,358
962,Apr,1
963,Aug,49
964,Aug,361
965,Jun,354
966,Jan,241
967,Dec,179
968,Jun,360
969,Jan,48
970,Feb,33
971,Nov,359
972,Oct,50
973,Feb,82
974,Feb,354
975,Aug,54
976,Dec,58
977,Aug,265
978,Aug,170
979,Jan,289
980,Jan,356
981,Jan,55
982,Mar,66
983,Nov,134
984,Apr,18
985,Jul,353
986,Jan,399
987,Aug,356
988,Apr,40
989,Jul,96
990,Aug,93
991,Feb,22
992,Dec,219
993,Jul,22
994,Mar,260
995,Apr,359
996,Dec,334
997,Jan,1
998,Feb,356
999,Dec,352
1000,Oct,16
1001,Dec,359
1002,May,45
1003,Feb,62
1004,Dec,55
1005,Jul,19
1006,Aug,71
1007,Apr,43
1008,Dec,209
1009,Nov,42
1010,Jun,254
1011,Mar,59
1012,Jan,366
1013,Feb,40
1014,Aug,350
1015,May,365
1016,Sep,7
1017,Jun,62
1018,Jun,352
1019,Sep,359
1020,Dec,2
1021,Oct,359
1022,Dec,52
1023,Jan,133
1024,Feb,373
1025,Aug,146
1026,Mar,32
1027,May,187
1028,Feb,47
1029,Jul,50
1030,Aug,40
1031,Oct,244
1032,Apr,247
1033,Jul,360
1034,Jan,359
1035,Jan,353
1036,Dec,32
1037,Oct,152
1038,Dec,354
1039,Feb,162
1040,Sep,70
1041,Nov,359
1042,Aug,355
1043,Jun,120
1044,Nov,45
1045,Apr,155
1046,Mar,139
1047,Mar,51
1048,Mar,360
1049,Mar,111
1050,Jan,216
1051,Jul,361
1052,Jan,46
1053,Apr,357
1054,May,46
1055,Feb,351
1056,Feb,365
1057,Dec,188
1058,Sep,21
1059,Mar,350
1060,Jan,43
1061,Dec,360
1062,May,364
1063,Apr,359
1064,Mar,48
1065,Jan,114
1066,Sep,124
1067,Jan,28
1068,Apr,360
1069,Jan,29
1070,Oct,31
1071,Sep,360
1072,Oct,355
1073,Dec,207
1074,Sep,194
1075,Apr,47
1076,Sep,91
1077,Nov,157
1078,Aug,54
1079,Mar,117
1080,Mar,52
1081,Jul,355
1082,May,70
1083,Feb,358
1084,May,304
1085,Jun,360
1086,Sep,56
1087,Jul,45
1088,Oct,27
1089,Oct,46
1090,Aug,355
1091,Sep,91
1092,Jan,48
1093,May,351
1094,Apr,51
1095,Sep,357
1096,Feb,361
1097,Apr,357
1098,May,15
1099,Feb,63
1100,Apr,53
1101,May,52
1102,Mar,20
1103,Aug,43
1104,Mar,358
1105,Jan,354
1106,Aug,345
1107,Aug,41
1108,Nov,92
1109,Jun,174
1110,Jul,365
1111,May,351
1112,Sep,57
1113,Jan,293
1114,Sep,52
1115,Sep,347
1116,Aug,55
1117,Aug,131
1118,Oct,353
1119,Aug,57
1120,Apr,80
1121,Jun,357
1122,May,162
1123,Jan,190
1124,Jun,42
1125,Mar,50
1126,Mar,49
1127,Apr,362
1128,Feb,60
1129,Oct,50
1130,May,54
1131,Nov,164
1132,Oct,178
1133,May,5
1134,Oct,143
1135,Aug,49
1136,Aug,363
1137,Sep,355
1138,Dec,361
1139,Dec,9
1140,Sep,142
1141,Jan,194
1142,Jun,351
1143,Jul,356
1144,Nov,240
1145,Jan,353
1146,Aug,78
1147,Aug,0
1148,Nov,27
1149,Jul,34
1150,Dec,111
1151,Jul,365
1152,Nov,279
1153,Apr,364
1154,Jan,355
1155,Apr,70
1156,Jan,51
1157,Aug,57
1158,Sep,395
1159,Sep,5
1160,May,351
1161,Feb,351
1162,Apr,33
1163,Mar,65
1164,Nov,357
1165,May,27
1166,May,48
1167,Apr,31
1168,Sep,62
1169,Aug,356
1170,Feb,167
1171,Sep,125
1172,Jun,57
1173,Sep,359
1174,Jan,357
1175,Nov,105
1176,Feb,355
1177,Jun,356
1178,Apr,358
1179,Oct,57
1180,Jun,50
1181,Jul,355
1182,Jan,365
1183,Apr,351
1184,Jul,48
1185,Mar,118
1186,Feb,351
1187,Jul,169
1188,Aug,218
1189,Jan,358
1190,Nov,356
1191,Jun,360
1192,Dec,47
1193,Jan,358
1194,Sep,95
1195,Feb,334
1196,Jan,60
1197,Nov,65
1198,Mar,361
1199,Oct,11
1200,Jul,358
1201,Jan,65
1202,Jul,19
1203,May,42
1204,Mar,352
1205,Jan,373
1206,Jun,47
1207,Oct,87
1208,Mar,54
1209,Dec,45
1210,Jul,16
1211,Feb,59
1212,Jan,59
1213,Feb,87
1214,Apr,55
1215,Jul,359
1216,Mar,355
1217,Jan,45
1218,Apr,209
1219,Dec,56
1220,Jun,7
1221,Jul,33
1222,Aug,158
1223,Oct,365
1224,Apr,358
1225,Jan,364
1226,Feb,355
1227,Aug,361
1228,Jun,49
1229,Jul,30
1230,Jul,180
1231,Aug,52
1232,Sep,355
1233,Jun,145
1234,Mar,357
1235,Jan,357
1236,Sep,357
1237,Nov,59
1238,Jun,23
1239,Jul,42
1240,Apr,308
1241,May,357
1242,Dec,143
1243,Oct,357
1244,Jan,363
1245,Mar,94
1246,Nov,140
1247,Sep,200
1248,Dec,355
1249,Dec,126
1250,Apr,60
1251,Oct,304
1252,Jan,121
1253,Mar,42
1254,Jan,58
1255,May,90
1256,Apr,50
1257,Feb,358
1258,May,125
1259,Oct,356
1260,Jul,45
1261,Nov,146
1262,Sep,41
1263,May,359
1264,Nov,352
1265,Jul,76
1266,Apr,111
1267,May,241
1268,Jan,362
1269,Feb,61
1270,Aug,147
1271,Aug,106
1272,Nov,107
1273,Aug,363
1274,May,160
1275,Feb,350
1276,May,360
1277,Nov,50
1278,Jun,146
1279,Jun,304
1280,Sep,122
1281,Mar,330
1282,May,364
1283,Jul,52
1284,Feb,358
1285,Jun,53
1286,Feb,355
1287,May,52
1288,Nov,163
1289,Jul,156
1290,May,358
1291,Apr,91
1292,Jun,237
1293,Feb,72
1294,Sep,56
1295,Nov,281
1296,Nov,168
1297,May,88
1298,Jul,43
1299,Jun,19
1300,Aug,358
1301,May,106
1302,Sep,52
1303,Jul,57
1304,Sep,185
1305,Feb,364
1306,Sep,50
1307,Jun,28
1308,Jan,6
1309,Dec,46
1310,Feb,143
1311,Feb,46
1312,May,188
1313,Oct,178
1314,Jan,51
1315,Sep,98
1316,Jun,125
1317,Mar,45
1318,Mar,355
1319,Jul,21
1320,Mar,55
1321,Apr,261
1322,Jan,359
1323,Jul,44
1324,Jun,24
1325,Nov,173
1326,Oct,53
1327,Aug,81
1328,Jan,103
1329,Oct,42
1330,Nov,360
1331,Jun,354
1332,Oct,360
1333,Aug,48
1334,Apr,359
1335,Aug,51
1336,Apr,351
1337,Apr,30
1338,Nov,160
1339,Aug,355
1340,Mar,50
1341,Aug,57
1342,Jan,353
1343,Jun,108
1344,Dec,364
1345,Mar,358
1346,Sep,141
1347,Oct,362
1348,Jul,355
1349,Aug,177
1350,Jul,4
1351,Sep,355
1352,Oct,7
1353,May,65
1354,Jun,28
1355,Sep,128
1356,Jun,132
1357,Feb,363
1358,Mar,357
1359,Feb,26
1360,Aug,219
1361,Dec,46
1362,Mar,46
1363,Apr,72
1364,Jun,194
1365,Nov,161
1366,Apr,52
1367,May,358
1368,Mar,111
1369,Apr,57
1370,Oct,0
1371,Dec,51
1372,Aug,88
1373,Jan,12
1374,Jan,70
1375,Oct,105
1376,Sep,362
1377,Jan,361
1378,Jul,57
1379,Sep,354
1380,Feb,354
1381,Mar,51
1382,Jan,32
1383,Aug,41
1384,Apr,355
1385,Jun,362
1386,Sep,355
1387,Sep,57
1388,Feb,129
1389,Aug,46
1390,May,1
1391,Nov,166
1392,Jun,194
1393,Jan,288
1394,Feb,64
1395,Oct,50
1396,Sep,112
1397,Feb,362
1398,Mar,6
1399,Jun,363
1400,Oct,27
1401,Mar,360
1402,Mar,40
1403,Aug,83
1404,Oct,180
1405,Jan,334
1406,Dec,51
1407,Nov,51
1408,Feb,358
1409,Nov,361
1410,Jul,197
1411,May,359
1412,May,360
1413,Jun,359
1414,Dec,59
1415,Sep,11
1416,Apr,16
1417,Dec,38
1418,May,301
1419,Jun,59
1420,Dec,6
1421,Jun,54
1422,Jan,57
1423,Jun,47
1424,May,360
1425,Jun,42
1426,Dec,375
1427,Dec,361
1428,Oct,358
1429,Jan,44
1430,May,54
1431,Apr,58
1432,Mar,90
1433,Nov,22
1434,Jan,58
1435,Dec,364
1436,Feb,155
1437,Mar,356
1438,Mar,29
1439,Sep,360
1440,Oct,43
1441,Apr,27
1442,Feb,233
1443,Jul,79
1444,May,50
1445,Aug,17
1446,Jan,360
1447,Mar,125
1448,May,8
1449,Sep,38
1450,Nov,95
1451,Nov,132
1452,Jun,72
1453,Feb,50
1454,Aug,162
1455,Jul,363
1456,Sep,47
1457,Jan,360
1458,Jun,92
1459,Oct,358
1460,Nov,281
1461,Jun,136
1462,Oct,365
1463,May,352
1464,Apr,48
1465,Oct,14
1466,Feb,364
1467,Aug,245
1468,May,60
1469,Apr,364
1470,Oct,45
1471,Mar,56
1472,Oct,22
1473,Aug,25
1474,Apr,362
1475,Oct,139
1476,Aug,37
1477,Nov,59
1478,Jul,61
1479,Mar,60
1480,Jun,356
1481,Jul,359
1482,Jul,174
1483,Jul,56
1484,Aug,353
1485,Mar,241
1486,Sep,263
1487,Nov,59
1488,Jun,161
1489,Jan,67
1490,Oct,170
1491,May,255
1492,Jun,266
1493,Apr,357
1494,Jul,48
1495,Mar,5
1496,Jul,350
1497,May,361
1498,Jun,49
1499,Jan,351
1500,Mar,34
1501,Mar,54
1502,Nov,23
1503,Jan,358
1504,Dec,338
1505,Oct,356
1506,Apr,356
1507,Apr,355
1508,Dec,41
1509,Nov,364
1510,Jul,351
1511,May,195
1512,May,16
1513,Sep,131
1514,Apr,157
1515,Jul,42
1516,Dec,243
1517,Jul,358
1518,Feb,350
1519,Jan,56
1520,Dec,45
1521,Feb,51
1522,Apr,59
1523,Aug,60
1524,Feb,51
1525,Sep,359
1526,Aug,356
1527,Aug,61
1528,Jul,51
1529,Apr,156
1530,Jul,356
1531,Jul,48
1532,Jan,261
1533,Apr,47
1534,May,28
1535,Apr,350
1536,Aug,88
1537,Dec,192
1538,Jul,51
1539,Aug,50
1540,Oct,34
1541,Jun,69
1542,Jul,136
1543,Nov,360
1544,Jun,360
1545,Oct,357
1546,Oct,57
1547,Jun,360
1548,Jul,361
1549,Sep,360
1550,Jul,31
1551,Jul,21
1552,Apr,356
1553,Jan,329
1554,Jan,41
1555,Oct,213
1556,Jul,361
1557,Nov,361
1558,Sep,355
1559,May,27
1560,Sep,330
1561,Dec,365
1562,Nov,100
1563,Jun,52
1564,Dec,65
1565,Jul,189
1566,Dec,195
1567,Jun,40
1568,Sep,355
1569,Oct,359
1570,Jul,1
1571,May,360
1572,Aug,62
1573,Mar,267
1574,Feb,52
1575,Jul,352
1576,Mar,359
1577,Apr,357
1578,Dec,365
1579,Nov,179
1580,Sep,171
1581,May,357
1582,Nov,364
1583,Jun,33
1584,Oct,58
1585,Jun,335
1586,Dec,351
1587,Nov,191
1588,May,352
1589,Mar,52
1590,May,354
1591,Apr,64
1592,Oct,363
1593,Jan,356
1594,Apr,353
1595,Nov,267
1596,Aug,60
1597,Dec,351
1598,Nov,365
1599,Jan,357
1600,Mar,46
1601,Dec,81
1602,Apr,359
1603,Jun,72
1604,Dec,37
1605,Oct,48
1606,Mar,358
1607,Nov,315
1608,May,42
1609,Mar,365
1610,Jul,349
1611,Mar,360
1612,Nov,323
1613,Aug,355
1614,Sep,20
1615,Feb,351
1616,Jan,360
1617,Jul,51
1618,Jul,32
1619,Feb,356
1620,Mar,356
1621,May,355
1622,Dec,101
1623,Aug,36
1624,Feb,194
1625,Jun,93
1626,Jul,350
1627,Feb,58
1628,Nov,54
1629,Aug,354
1630,Jul,70
1631,May,358
1632,Aug,54
1633,Jul,355
1634,Jan,91
1635,Feb,355
1636,Jan,77
1637,Dec,356
1638,Nov,31
1639,Oct,51
1640,Nov,15
1641,Jul,40
1642,Mar,43
1643,Aug,91
1644,May,180
1645,Dec,152
1646,Aug,167
1647,Mar,24
1648,Apr,19
1649,Oct,3
1650,Feb,132
1651,Apr,355
1652,Feb,93
1653,Jan,355
1654,Jun,42
1655,Dec,321
1656,Apr,14
1657,Mar,373
1658,Jun,85
1659,Feb,51
1660,Mar,41
1661,Jan,354
1662,Feb,31
1663,Jun,185
1664,Jan,258
1665,Nov,56
1666,Aug,6
1667,Dec,43
1668,Jul,78
1669,Sep,356
1670,Jul,371
1671,Jun,68
1672,May,13
1673,Aug,59
1674,Apr,1
1675,May,359
1676,Jan,359
1677,Jan,123
1678,Apr,104
1679,Dec,39
1680,Nov,42
1681,Jun,41
1682,May,362
1683,Jun,44
1684,Apr,350
1685,Mar,297
1686,May,76
1687,Mar,60
1688,Jul,10
1689,Jun,267
1690,Dec,364
1691,Oct,350
1692,Apr,26
1693,Aug,196
1694,Mar,360
1695,Feb,360
1696,Feb,56
1697,Apr,54
1698,Sep,64
1699,Mar,353
1700,Jul,113
1701,Jun,19
1702,Jul,171
1703,Sep,364
1704,Jul,44
1705,Feb,365
1706,Nov,10
1707,Jul,65
1708,Aug,93
1709,Jul,360
1710,Dec,43
1711,Feb,363
1712,Jul,11
1713,Sep,360
1714,May,52
1715,Jul,52
1716,Jun,75
1717,Dec,264
1718,Apr,40
1719,Jun,373
1720,May,354
1721,Dec,46
1722,Sep,40
1723,Oct,214
1724,Nov,93
1725,Mar,22
1726,Jul,355
1727,Feb,58
1728,Jul,59
1729,May,290
1730,Mar,358
1731,Sep,41
1732,Apr,100
1733,Jul,56
1734,Nov,277
1735,Apr,48
1736,Aug,176
1737,Jul,60
1738,Sep,355
1739,Oct,83
1740,Feb,0
1741,Jul,354
1742,May,360
1743,Jan,11
1744,May,358
1745,May,139
1746,Jul,54
1747,Feb,242
1748,Mar,360
1749,Sep,83
1750,Apr,94
1751,Dec,44
1752,May,114
1753,Aug,166
1754,Mar,359
1755,Feb,187
1756,Jul,288
1757,Oct,123
1758,Dec,280
1759,Jul,355
1760,Feb,62
1761,Mar,68
1762,Oct,43
1763,May,210
1764,Apr,142
1765,Apr,141
1766,Sep,363
1767,Apr,351
1768,May,359
1769,Jan,55
1770,Dec,49
1771,Jan,56
1772,Aug,186
1773,Apr,218
1774,Aug,29
1775,Aug,50
1776,Jan,271
1777,Feb,177
1778,May,365
1779,Feb,154
1780,Oct,364
1781,Jul,361
1782,Feb,136
1783,Jan,364
1784,Feb,48
1785,Nov,362
1786,Dec,58
1787,Jan,17
1788,Feb,84
1789,Oct,40
1790,Nov,360
1791,Apr,43
1792,Sep,115
1793,Mar,356
1794,Aug,200
1795,Sep,88
1796,Jul,77
1797,Aug,66
1798,Apr,352
1799,Mar,161
1800,Oct,25
1801,Apr,86
1802,Feb,356
1803,Feb,42
1804,Apr,172
1805,Dec,47
1806,Apr,360
1807,Aug,57
1808,Nov,363
1809,Oct,360
1810,Apr,27
1811,Aug,355
1812,Mar,259
1813,Jan,360
1814,Mar,53
1815,Apr,356
1816,Feb,66
1817,May,59
1818,Aug,161
1819,Jan,60
1820,Oct,360
1821,Apr,58
1822,Dec,350
1823,Dec,344
1824,Feb,88
1825,May,354
1826,Sep,359
1827,Apr,69
1828,Mar,359
1829,Feb,23
1830,Mar,41
1831,Jul,361
1832,Mar,348
1833,Aug,21
1834,Apr,75
1835,Jul,143
1836,Sep,362
1837,Sep,175
1838,Aug,141
1839,Jan,36
1840,Sep,362
1841,Mar,350
1842,Jan,29
1843,Jan,185
1844,Nov,364
1845,Sep,237
1846,Dec,363
1847,Mar,26
1848,Jul,355
1849,Sep,249
1850,Jan,193
1851,Dec,310
1852,Jul,46
1853,Nov,31
1854,Dec,160
1855,Aug,52
1856,Dec,44
1857,Dec,42
1858,Nov,353
1859,Nov,359
1860,May,351
1861,Oct,49
1862,Mar,355
1863,Feb,356
1864,Nov,96
1865,Dec,356
1866,May,353
1867,Dec,181
1868,Aug,29
1869,Apr,233
1870,Sep,51
1871,Apr,359
1872,May,92
1873,Sep,5
1874,Apr,44
1875,Jun,27
1876,Nov,83
1877,Mar,355
1878,Jan,353
1879,Mar,351
1880,Apr,357
1881,Feb,194
1882,Sep,357
1883,Sep,30
1884,Mar,34
1885,Aug,400
1886,Sep,49
1887,Aug,355
1888,Mar,60
1889,Jun,355
1890,Apr,11
1891,May,39
1892,Sep,360
1893,Sep,355
1894,Nov,176
1895,Jul,9
1896,Jun,365
1897,Nov,62
1898,Apr,351
1899,Sep,360
1900,May,321
1901,Apr,360
1902,Jun,198
1903,Mar,351
1904,May,365
1905,Apr,54
1906,Dec,51
1907,May,53
1908,Aug,353
1909,Jul,45
1910,Oct,356
1911,Dec,358
1912,May,360
1913,May,80
1914,Jan,357
1915,Jun,57
1916,Aug,48
1917,Dec,8
1918,Sep,393
1919,May,146
1920,Apr,29
1921,Jan,356
1922,Jun,85
1923,Aug,358
1924,Nov,44
1925,Jul,49
1926,Oct,354
1927,Aug,57
1928,Jul,362
1929,Nov,97
1930,Jul,358
1931,Apr,72
1932,Nov,362
1933,Apr,60
1934,May,363
1935,Sep,57
1936,Dec,6
1937,Apr,365
1938,Sep,62
1939,Feb,350
1940,Apr,43
1941,Aug,115
1942,Nov,23
1943,Nov,359
1944,Oct,58
1945,Dec,85
1946,Jul,354
1947,Oct,361
1948,May,357
1949,Dec,361
1950,Oct,241
1951,Mar,43
1952,Oct,55
1953,Aug,360
1954,Jan,356
1955,Feb,387
1956,Apr,58
1957,Jan,25
1958,Mar,94
1959,Sep,356
1960,Feb,76
1961,Nov,362
1962,Jul,68
1963,Apr,4
1964,Mar,352
1965,Nov,54
1966,Jun,69
1967,Jan,68
1968,Jul,359
1969,Aug,296
1970,Apr,280
1971,Feb,60
1972,Aug,360
1973,Apr,28
1974,Jul,248
1975,Apr,57
1976,Dec,51
1977,Dec,79
1978,Sep,359
1979,Aug,99
1980,Jun,361
1981,Nov,10
1982,Dec,352
1983,Mar,357
1984,Sep,135
1985,May,361
1986,Feb,363
1987,Sep,130
1988,Jul,355
1989,Nov,355
1990,May,0
1991,Mar,169
1992,Oct,359
1993,Jul,353
1994,Jul,202
1995,Oct,336
1996,Nov,69
1997,Feb,359
1998,Jun,57
1999,May,355
2000,Jul,260
2001,Dec,364
2002,Jul,218
2003,Feb,103
2004,Mar,358
2005,Apr,14
2006,Jun,37
2007,Jan,103
2008,Feb,24
2009,Apr,113
2010,Mar,226
2011,Feb,52
2012,Feb,40
2013,Feb,355
2014,Apr,350
2015,Jun,14
2016,Jun,166
2017,May,59
2018,Oct,47
2019,Jul,60
2020,Dec,116
2021,Dec,41
2022,Sep,363
2023,Mar,74
2024,Jun,352
2025,Jul,49
2026,May,169
2027,Jan,96
2028,Dec,355
2029,Apr,93
2030,Nov,363
2031,Jun,59
2032,Apr,59
2033,Jul,150
2034,Aug,72
2035,Feb,358
2036,Aug,147
2037,Jun,350
2038,Feb,64
2039,Aug,358
2040,Sep,80
2041,Mar,51
2042,Jun,41
2043,Mar,182
2044,May,359
2045,Nov,364
2046,Apr,56
2047,Mar,355
2048,Sep,42
2049,Jul,361
2050,May,350
2051,May,42
2052,Feb,357
2053,Jan,170
2054,Sep,97
2055,Aug,104
2056,Jan,187
2057,Jun,70
2058,Sep,14
2059,May,60
2060,Dec,43
2061,May,110
2062,Sep,354
2063,Oct,260
2064,Jul,356
2065,Mar,10
2066,Dec,364
2067,Jan,82
2068,Oct,59
2069,Mar,359
2070,Nov,350
2071,Aug,48
2072,Dec,13
2073,Jun,355
2074,Jan,356
2075,Sep,352
2076,Mar,30
2077,Jul,358
2078,Mar,359
2079,Nov,54
2080,Nov,360
2081,Feb,46
2082,Apr,52
2083,Sep,58
2084,Sep,147
2085,Jun,360
2086,Feb,46
2087,Sep,155
2088,Jul,259
2089,Dec,56
2090,Feb,35
2091,Jun,45
2092,Jun,365
2093,May,56
2094,Mar,358
2095,Oct,50
2096,Jul,59
2097,Jan,251
2098,Mar,40
2099,Nov,360
2100,Dec,74
2101,Jan,45
2102,Aug,193
2103,Nov,362
2104,Sep,184
2105,Jul,21
2106,Oct,55
2107,May,95
2108,Jan,200
2109,Jun,359
2110,Nov,364
2111,Mar,292
2112,Jan,61
2113,Feb,107
2114,May,47
2115,Apr,360
2116,Jul,14
2117,Apr,51
2118,Oct,56
2119,Feb,113
2120,Apr,59
2121,Feb,262
2122,Apr,365
2123,Mar,47
2124,Oct,99
2125,Jun,363
2126,Jan,52
2127,Feb,87
2128,May,361
2129,Mar,40
2130,Jan,47
2131,Nov,359
2132,Aug,41
2133,Feb,46
2134,Oct,179
2135,Oct,371
2136,Jul,69
2137,Apr,360
2138,Oct,359
2139,Mar,270
2140,Jan,356
2141,May,99
2142,Apr,396
2143,Jun,351
2144,Jun,364
2145,May,58
2146,Nov,365
2147,Jun,42
2148,May,32
2149,Dec,193
2150,Oct,77
2151,Jul,350
2152,Aug,359
2153,Jan,359
2154,Sep,198
2155,Jul,88
2156,Oct,44
2157,May,48
2158,Dec,357
2159,Sep,348
2160,Mar,354
2161,Dec,53
2162,Oct,98
2163,May,48
2164,Jan,55
2165,Jul,353
2166,Aug,395
2167,Aug,53
2168,Feb,52
2169,Dec,54
2170,Aug,47
2171,Feb,64
2172,Apr,293
2173,Oct,354
2174,Nov,31
2175,Nov,73
2176,Jan,155
2177,Nov,36
2178,Jan,93
2179,Feb,364
2180,Nov,362
2181,Oct,100
2182,May,53
2183,Dec,190
2184,Jun,140
2185,Aug,239
2186,Mar,363
2187,Mar,101
2188,Oct,71
2189,Jan,356
2190,May,360
2191,Feb,3
2192,Aug,100
2193,Nov,86
2194,Aug,353
2195,Jul,73
2196,Dec,59
2197,Jul,47
2198,Sep,364
2199,Oct,63
2200,May,356
2201,Mar,233
2202,Aug,357
2203,Dec,27
2204,Apr,57
2205,Jul,37
2206,Nov,57
2207,Dec,196
2208,Apr,21
2209,Nov,21
2210,Aug,50
2211,Aug,52
2212,Feb,40
2213,Feb,357
2214,Jun,56
2215,May,353
2216,Nov,351
2217,Feb,34
2218,Aug,262
2219,Mar,183
2220,Jan,359
2221,May,396
2222,May,355
2223,Jun,260
2224,Sep,34
2225,Sep,363
2226,Aug,298
2227,Oct,123
2228,Mar,352
2229,Jan,3
2230,Oct,360
2231,Feb,50
2232,Feb,33
2233,Feb,362
2234,Jan,358
2235,Jul,41
2236,Aug,27
2237,Jul,360
2238,Mar,40
2239,Oct,185
2240,Oct,3
2241,May,55
2242,Jun,168
2243,Jun,126
2244,Oct,356
2245,Dec,352
2246,Feb,86
2247,Nov,360
2248,Jan,368
2249,Jul,94
2250,Oct,28
2251,Mar,42
2252,Jul,359
2253,Oct,360
2254,Dec,43
2255,Apr,280
2256,Mar,356
2257,Nov,358
2258,Jan,66
2259,Oct,46
2260,Nov,48
2261,Aug,62
2262,Oct,124
2263,Aug,360
2264,Oct,27
2265,Mar,136
2266,Sep,42
2267,Jan,26
2268,Sep,267
2269,May,355
2270,Oct,359
2271,Jul,289
2272,Jul,40
2273,Nov,56
2274,Feb,362
2275,Mar,298
2276,May,76
2277,Jan,39
2278,Jun,356
2279,May,359
2280,Jun,244
2281,Nov,124
2282,Jul,355
2283,Mar,359
2284,Apr,88
2285,Jun,56
2286,Aug,357
2287,Jan,360
2288,Aug,15
2289,Dec,359
2290,Jul,183
2291,Jan,195
2292,Aug,44
2293,Feb,119
2294,Nov,147
2295,Jul,163
2296,Jun,364
2297,Aug,362
2298,Mar,21
2299,Jul,351
2300,Mar,36
2301,Apr,355
2302,Dec,350
2303,Sep,8
2304,Jun,266
2305,Aug,295
2306,Jan,371
2307,Jan,356
2308,Sep,100
2309,Apr,51
2310,Apr,357
2311,Dec,57
2312,Apr,23
2313,Jul,59
2314,Dec,359
2315,Jun,354
2316,Jun,33
2317,Aug,359
2318,Mar,194
2319,Feb,118
2320,Oct,56
2321,Jul,357
2322,May,155
2323,May,355
2324,Jan,351
2325,Dec,50
2326,Apr,362
2327,Apr,175
2328,Jan,17
2329,Aug,53
2330,Mar,357
2331,May,75
2332,Apr,359
2333,Mar,357
2334,Jul,50
2335,Jul,41
2336,Oct,64
2337,Feb,43
2338,Dec,364
2339,Oct,353
2340,Mar,360
2341,Feb,396
2342,Sep,58
2343,May,5
2344,Jul,359
2345,Apr,359
2346,Feb,275
2347,Nov,42
2348,Sep,350
2349,Aug,361
2350,Nov,59
2351,Jan,360
2352,Aug,77
2353,Jan,290
2354,Mar,35
2355,Sep,123
2356,Feb,101
2357,Oct,81
2358,Jun,267
2359,Sep,146
2360,Jul,122
2361,Apr,350
2362,Mar,76
2363,Feb,351
2364,Oct,114
2365,Mar,57
2366,Apr,42
2367,Jan,356
2368,Sep,45
2369,Jul,95
2370,Sep,365
2371,Nov,307
2372,Mar,58
2373,Oct,50
2374,Dec,357
2375,Jan,360
2376,Aug,282
2377,Dec,357
2378,Nov,364
2379,Feb,361
2380,Jun,362
2381,Dec,117
2382,Feb,56
2383,Jan,40
2384,Feb,360
2385,Aug,154
2386,Oct,56
2387,Apr,41
2388,Dec,189
2389,Jul,364
2390,Jun,51
2391,Jul,145
2392,Feb,351
2393,Feb,141
2394,May,170
2395,Mar,358
2396,Jun,8
2397,Jun,47
2398,Jul,89
2399,Aug,4
2400,Oct,347
2401,May,41
2402,Mar,100
2403,Aug,53
2404,Jan,354
2405,Apr,54
2406,Aug,377
2407,Aug,351
2408,Jun,169
2409,Jan,361
2410,Jan,352
2411,Oct,188
2412,Dec,34
2413,May,56
2414,Jul,20
2415,Mar,41
2416,Feb,358
2417,Jun,35
2418,Mar,88
2419,Oct,75
2420,Sep,356
2421,Feb,59
2422,Feb,355
2423,Jul,0
2424,Jun,1
2425,Jan,359
2426,Jul,361
2427,Oct,75
2428,Feb,358
2429,Nov,43
2430,Jan,175
2431,Jun,363
2432,Oct,368
2433,May,200
2434,Nov,53
2435,May,96
2436,Jul,13
2437,Jul,277
2438,Jan,239
2439,May,171
2440,Jul,169
2441,Apr,359
2442,Jul,71
2443,Sep,99
2444,Sep,94
2445,May,240
2446,Jan,355
2447,Mar,183
2448,Dec,172
2449,Feb,355
2450,Dec,53
2451,Mar,337
2452,Aug,259
2453,Oct,53
2454,Nov,364
2455,Dec,78
2456,Mar,356
2457,Nov,113
2458,Oct,356
2459,Oct,321
2460,Mar,25
2461,May,39
2462,Feb,175
2463,Mar,54
2464,Feb,56
2465,May,70
2466,Sep,59
2467,Jun,147
2468,Dec,57
2469,Aug,344
2470,Feb,315
2471,Aug,254
2472,Feb,122
2473,Aug,41
2474,Sep,52
2475,Oct,358
2476,Aug,224
2477,Sep,362
2478,May,365
2479,Aug,361
2480,Nov,178
2481,Mar,350
2482,Sep,345
2483,Apr,48
2484,Jun,45
2485,Oct,365
2486,May,354
2487,Jul,84
2488,Jul,54
2489,Feb,148
2490,Mar,64
2491,Nov,365
2492,Mar,77
2493,Jun,364
2494,Jun,360
2495,Apr,355
2496,Feb,177
2497,Sep,68
2498,Sep,6
2499,Sep,178
2500,Nov,24
2501,Sep,4
2502,Mar,355
2503,Feb,55
2504,Oct,180
2505,May,43
2506,Sep,356
2507,Jun,52
2508,Jan,358
2509,Nov,350
2510,Jul,351
2511,Mar,365
2512,Mar,58
2513,Jul,215
2514,Sep,41
2515,Jan,350
2516,May,147
2517,Jun,359
2518,Dec,47
2519,Jul,355
2520,Sep,354
2521,Sep,365
2522,Feb,365
2523,Jun,50
2524,Jan,26
2525,Dec,355
2526,Sep,359
2527,Jan,60
2528,Oct,47
2529,Oct,359
2530,Apr,16
2531,Jul,50
2532,May,193
2533,Apr,358
2534,Nov,23
2535,Oct,350
2536,Aug,356
2537,Dec,361
2538,Sep,359
2539,Apr,34
2540,Apr,89
2541,Dec,351
2542,Feb,32
2543,Jul,383
2544,Feb,43
2545,Aug,357
2546,Jun,56
2547,Feb,148
2548,Sep,181
2549,Jan,47
2550,Dec,396
2551,Mar,152
2552,Apr,224
2553,Jun,65
2554,Nov,351
2555,Jul,260
2556,Jun,145
2557,Dec,21
2558,Apr,55
2559,Nov,25
2560,Mar,70
2561,Dec,58
2562,Feb,49
2563,Dec,151
2564,Jan,357
2565,Dec,47
2566,May,210
2567,Jan,96
2568,Dec,23
2569,Mar,356
2570,Mar,50
2571,Apr,179
2572,Jan,117
2573,Feb,352
2574,Mar,284
2575,Feb,86
2576,May,356
2577,Mar,37
2578,Oct,355
2579,Nov,354
2580,Nov,362
2581,Jul,359
2582,Oct,26
2583,Apr,43
2584,Mar,108
2585,Dec,59
2586,Dec,142
2587,Oct,32
2588,Sep,13
2589,Jun,38
2590,Aug,41
2591,Oct,37
2592,Nov,48
2593,Apr,22
2594,May,28
2595,Apr,39
2596,May,73
2597,May,355
2598,Sep,364
2599,Jul,93
2600,Feb,0
2601,Aug,66
2602,Jun,142
2603,Jun,357
2604,Jan,8
2605,Apr,325
2606,Nov,353
2607,Jun,361
2608,Apr,156
2609,Feb,200
2610,Oct,47
2611,Sep,360
2612,Dec,365
2613,Oct,358
2614,Jul,147
2615,Mar,55
2616,Aug,94
2617,Sep,44
2618,Mar,364
2619,Apr,110
2620,Jan,360
2621,Aug,356
2622,May,366
2623,Jan,45
2624,Jan,358
2625,Aug,19
2626,Jul,352
2627,Sep,3
2628,Oct,46
2629,May,125
2630,Jul,29
2631,Oct,374
2632,Oct,63
2633,Aug,28
2634,Jan,350
2635,Apr,64
2636,Nov,70
2637,Oct,363
2638,Jan,255
2639,Jun,358
2640,Nov,139
2641,Oct,106
2642,Feb,312
2643,May,157
2644,Feb,93
2645,Apr,355
2646,Oct,129
2647,Aug,75
2648,Oct,134
2649,Sep,79
2650,May,51
2651,Oct,105
2652,Dec,361
2653,Jul,370
2654,Oct,363
2655,Mar,43
2656,Jul,17
2657,Jan,45
2658,Jul,76
2659,Mar,197
2660,Feb,88
2661,Dec,364
2662,Aug,46
2663,Feb,14
2664,May,228
2665,Dec,47
2666,Nov,76
2667,Jan,44
2668,Apr,48
2669,Sep,56
2670,Apr,362
2671,Sep,98
2672,Jul,96
2673,Oct,360
2674,Oct,355
2675,Mar,355
2676,Mar,189
2677,Mar,364
2678,Feb,24
2679,Sep,52
2680,Jun,365
2681,May,95
2682,Jun,359
2683,Apr,319
2684,Sep,241
2685,Jun,51
2686,Oct,95
2687,Jun,23
2688,Mar,360
2689,Nov,368
2690,May,70
2691,Sep,29
2692,Jun,52
2693,Sep,50
2694,Jan,355
2695,Oct,192
2696,Jan,76
2697,Jan,38
2698,Feb,44
2699,Jan,365
2700,Sep,353
2701,Dec,12
2702,Jun,319
2703,Sep,360
2704,May,45
2705,Jan,218
2706,Mar,352
2707,Jun,358
2708,Nov,359
2709,Jun,56
2710,Jul,131
2711,Sep,360
2712,Nov,72
2713,Sep,140
2714,Jan,357
2715,Feb,98
2716,Jul,284
2717,Oct,399
2718,Mar,71
2719,Feb,90
2720,Aug,56
2721,Jan,67
2722,Sep,359
2723,Jul,363
2724,Jul,386
2725,May,22
2726,Oct,354
2727,May,364
2728,Mar,293
2729,Oct,363
2730,Aug,356
2731,Oct,356
2732,Apr,62
2733,Dec,360
2734,Oct,192
2735,Nov,156
2736,Mar,351
2737,Jun,354
2738,May,298
2739,Aug,77
2740,Apr,149
2741,Feb,351
2742,Dec,355
2743,May,355
2744,Nov,63
2745,Jan,54
2746,Nov,41
2747,Jun,350
2748,May,68
2749,Jun,393
2750,Aug,153
2751,Oct,17
2752,Jun,79
2753,Oct,49
2754,Mar,131
2755,Jun,5
2756,Mar,4
2757,Sep,158
2758,Jun,67
2759,Jul,67
2760,Jul,57
2761,Dec,357
2762,Feb,359
2763,Jun,363
2764,Mar,0
2765,Aug,60
2766,Jun,364
2767,Sep,163
2768,Mar,103
2769,Jun,183
2770,Mar,34
2771,Jan,25
2772,Nov,128
2773,Dec,5
2774,Jul,19
2775,Nov,50
2776,Aug,70
2777,Oct,110
2778,Jul,359
2779,Feb,46
2780,Aug,66
2781,Jan,156
2782,Nov,60
2783,Jan,354
2784,Aug,93
2785,Mar,360
2786,May,153
2787,Nov,57
2788,Jan,47
2789,Jun,355
2790,Aug,129
2791,Aug,74
2792,May,55
2793,Dec,351
2794,Feb,356
2795,Jun,14
2796,Nov,352
2797,Jul,47
2798,Nov,116
2799,Sep,13
2800,Sep,389
2801,Sep,55
2802,Jun,186
2803,Apr,203
2804,Mar,356
2805,Nov,359
2806,Jul,188
2807,Jun,124
2808,Sep,85
2809,Dec,43
2810,Sep,357
2811,Nov,363
2812,Dec,58
2813,Jan,190
2814,Mar,365
2815,Oct,338
2816,Sep,154
2817,May,358
2818,Jul,49
2819,Dec,92
2820,Aug,40
2821,Jun,351
2822,Nov,364
2823,Jan,297
2824,Nov,48
2825,Mar,107
2826,Oct,179
2827,Aug,138
2828,Jul,25
2829,Feb,224
2830,Nov,348
2831,Mar,356
2832,Jun,52
2833,May,31
2834,Jul,126
2835,May,43
2836,Oct,199
2837,Nov,115
2838,May,357
2839,Jul,354
2840,Oct,351
2841,Dec,297
2842,Dec,22
2843,Jun,102
2844,May,355
2845,Nov,40
2846,Jun,75
2847,Apr,22
2848,Oct,40
2849,Aug,374
2850,Oct,52
2851,Feb,365
2852,Dec,189
2853,Feb,176
2854,May,64
2855,Sep,93
2856,Jul,367
2857,Nov,52
2858,Mar,45
2859,Jun,360
2860,Feb,351
2861,Dec,355
2862,Oct,24
2863,Aug,357
2864,May,56
2865,Jun,355
2866,Jan,359
2867,Sep,12
2868,Sep,168
2869,Sep,48
2870,Jun,49
2871,Feb,34
2872,Dec,350
2873,Jun,360
2874,Apr,182
2875,Oct,236
2876,Apr,352
2877,Apr,101
2878,Feb,362
2879,Feb,119
2880,Oct,350
2881,Sep,360
2882,Apr,115
2883,Sep,353
2884,Sep,42
2885,Dec,355
2886,Aug,354
2887,Jul,41
2888,Jun,267
2889,Dec,358
2890,Dec,50
2891,Aug,357
2892,Sep,266
2893,Oct,219
2894,Oct,99
2895,Mar,354
2896,May,351
2897,Sep,3
2898,Jul,2
2899,Oct,192
2900,Jul,356
2901,Oct,116
2902,Sep,356
2903,Sep,357
2904,Jul,213
2905,Oct,50
2906,Aug,12
2907,Nov,43
2908,Sep,354
2909,Feb,200
2910,Jun,364
2911,Mar,75
2912,Apr,355
2913,Feb,10
2914,Nov,311
2915,Aug,54
2916,May,59
2917,Dec,4
2918,Nov,364
2919,Oct,69
2920,Feb,175
2921,Nov,30
2922,Mar,353
2923,Dec,48
2924,Aug,359
2925,Dec,27
2926,Jan,57
2927,Sep,365
2928,Oct,364
2929,Aug,356
2930,Jul,354
2931,Jul,351
2932,Dec,68
2933,Aug,350
2934,Apr,92
2935,Jun,1
2936,Apr,363
2937,May,54
2938,Apr,99
2939,Dec,330
2940,Dec,337
2941,Feb,357
2942,Nov,75
2943,Mar,106
2944,Sep,17
2945,Oct,263
2946,Jun,152
2947,Oct,86
2948,Jul,362
2949,Jul,359
2950,Mar,10
2951,Sep,4
2952,Jul,6
2953,Feb,123
2954,Mar,16
2955,Dec,364
2956,Jan,60
2957,Apr,95
2958,Dec,356
2959,Jul,53
2960,Aug,96
2961,Mar,359
2962,Aug,364
2963,Sep,17
2964,Apr,207
2965,Nov,112
2966,Sep,357
2967,Mar,359
2968,Aug,321
2969,Jun,356
2970,Jun,50
2971,Mar,357
2972,Mar,42
2973,Jun,7
2974,Nov,52
2975,Jun,60
2976,Nov,57
2977,Dec,95
2978,Nov,49
2979,Aug,363
2980,Aug,363
2981,Oct,24
2982,Jun,355
2983,Apr,358
2984,May,128
2985,Jan,17
2986,Oct,26
2987,Mar,59
2988,Aug,28
2989,Oct,45
2990,Dec,140
2991,Dec,56
2992,Jul,55
2993,Mar,59
2994,Apr,363
2995,Nov,3
2996,Jun,58
2997,Dec,361
2998,Feb,4
2999,Nov,361
3000,Jun,55
3001,Dec,148
3002,Apr,50
3003,Mar,310
3004,Aug,55
3005,May,105
3006,Feb,358
3007,Apr,59
3008,Jan,51
3009,Jan,86
3010,Feb,365
3011,Jan,354
3012,Feb,358
3013,Oct,92
3014,May,47
3015,Jan,354
3016,Apr,235
3017,Aug,350
3018,Apr,103
3019,Jun,391
3020,Jan,61
3021,Sep,45
3022,Aug,352
3023,Jun,365
3024,Feb,356
3025,Jan,55
3026,May,59
3027,Sep,352
3028,Apr,352
3029,May,359
3030,Nov,49
3031,Feb,268
3032,Aug,365
3033,Nov,104
3034,Feb,96
3035,Jun,364
3036,Sep,355
3037,Jul,21
3038,Oct,48
3039,Jun,26
3040,Mar,363
3041,Nov,124
3042,Dec,25
3043,May,40
3044,Sep,44
3045,May,57
3046,Jan,355
3047,Apr,357
3048,Sep,359
3049,Jun,194
3050,May,79
3051,Oct,135
3052,Feb,357
3053,Jul,390
3054,Jan,42
3055,Dec,119
3056,Jul,16
3057,Apr,12
3058,Dec,326
3059,Feb,30
3060,Apr,0
3061,Aug,358
3062,Sep,309
3063,Oct,355
3064,Mar,31
3065,Jun,354
3066,Dec,185
3067,Dec,161
3068,Aug,45
3069,Jul,359
3070,Jun,214
3071,Jan,84
3072,Feb,194
3073,Jan,356
3074,Jun,15
3075,Aug,353
3076,Aug,359
3077,Dec,358
3078,Apr,329
3079,Jul,50
3080,Oct,356
3081,Feb,60
3082,Apr,362
3083,Jan,54
3084,Jul,365
3085,Jan,359
3086,Nov,353
3087,May,55
3088,Aug,124
3089,May,79
3090,Feb,42
3091,Oct,51
3092,Oct,46
3093,Apr,46
3094,Nov,58
3095,Nov,356
3096,Apr,62
3097,Feb,119
3098,Mar,0
3099,Jul,331
3100,Jun,49
3101,Jun,358
3102,Aug,11
3103,Jan,346
3104,Jul,44
3105,Dec,37
3106,Jan,82
3107,Sep,287
3108,Sep,59
3109,Dec,360
3110,May,71
3111,Nov,47
3112,Jan,46
3113,May,55
3114,May,86
3115,Nov,42
3116,May,58
3117,Apr,136
3118,Oct,39
3119,Jan,364
3120,Oct,170
3121,May,92
3122,Mar,87
3123,Aug,90
3124,Nov,289
3125,Aug,1
3126,Feb,360
3127,Sep,52
3128,Apr,357
3129,Jul,106
3130,Oct,59
3131,Mar,117
3132,Feb,356
3133,Jan,157
3134,Jun,357
3135,Jun,163
3136,Sep,358
3137,Jan,83
3138,Sep,155
3139,Jan,127
3140,Sep,75
3141,Jan,357
3142,Apr,27
3143,Jan,85
3144,May,355
3145,Jun,365
3146,Jan,360
3147,Feb,58
3148,Apr,58
3149,Jun,357
3150,May,364
3151,Apr,46
3152,Nov,351
3153,Jun,179
3154,Dec,63
3155,Jul,47
3156,Sep,106
3157,Sep,6
3158,May,20
3159,May,42
3160,Jul,94
3161,May,53
3162,Feb,148
3163,Dec,285
3164,Aug,44
3165,Sep,13
3166,Nov,362
3167,May,354
3168,Dec,51
3169,Nov,240
3170,Mar,154
3171,Dec,40
3172,Oct,100
3173,Jan,352
3174,Oct,390
3175,Dec,55
3176,Feb,359
3177,Jul,219
3178,Aug,56
3179,May,43
3180,Jul,351
3181,Sep,355
3182,Jun,43
3183,Mar,356
3184,Feb,48
3185,Feb,355
3186,Feb,363
3187,Mar,364
3188,Oct,360
3189,Oct,148
3190,Jan,361
3191,Feb,356
3192,Apr,16
3193,Nov,19
3194,Oct,360
3195,Jun,69
3196,Oct,362
3197,Sep,44
3198,Mar,363
3199,Jan,101
3200,Jul,357
3201,Nov,47
3202,Jul,357
3203,Jul,71
3204,Mar,362
3205,Oct,354
3206,Feb,350
3207,Dec,0
3208,Feb,42
3209,Dec,42
3210,May,45
3211,Jul,50
3212,Apr,2
3213,Jul,321
3214,Dec,57
3215,Jun,355
3216,Jan,31
3217,Jun,67
3218,Jul,147
3219,Mar,39
3220,May,57
3221,Sep,33
3222,Jul,7
3223,Jan,232
3224,Feb,288
3225,Nov,357
3226,Aug,358
3227,Jan,84
3228,Jun,189
3229,Apr,357
3230,Jun,336
3231,Jan,52
3232,Feb,364
3233,Dec,50
3234,Nov,15
3235,May,384
3236,Apr,72
3237,Oct,352
3238,Oct,362
3239,Aug,359
3240,Jan,121
3241,Aug,359
3242,Aug,122
3243,Oct,357
3244,Dec,358
3245,Mar,353
3246,Apr,357
3247,Apr,350
3248,Dec,56
3249,Aug,356
3250,Apr,356
3251,May,358
3252,Dec,17
3253,Aug,148
3254,Aug,352
3255,Mar,356
3256,Sep,44
3257,Mar,365
3258,Oct,58
3259,Mar,154
3260,Nov,265
3261,Aug,180
3262,Jan,260
3263,Aug,44
3264,Mar,353
3265,May,355
3266,May,351
3267,Jun,362
3268,Nov,359
3269,Oct,350
3270,Jun,356
3271,Jul,94
3272,Feb,46
3273,Feb,60
3274,Mar,374
3275,Apr,178
3276,Feb,56
3277,Oct,230
3278,Oct,55
3279,May,309
3280,Feb,138
3281,Feb,144
3282,Aug,358
3283,Sep,364
3284,Jun,360
3285,Jun,138
3286,May,32
3287,Jun,358
3288,Aug,237
3289,Jul,357
3290,Jul,355
3291,Dec,361
3292,Aug,360
3293,Aug,63
3294,Apr,353
3295,Feb,52
3296,Apr,310
3297,Jan,85
3298,Oct,390
3299,May,43
3300,Sep,60
3301,Mar,94
3302,Aug,351
3303,May,354
3304,Oct,73
3305,Mar,360
3306,Dec,72
3307,Feb,118
3308,Nov,307
3309,Nov,257
3310,Jan,359
3311,Apr,101
3312,Feb,44
3313,Jun,363
3314,Apr,114
3315,Nov,66
3316,Oct,136
3317,May,165
3318,Apr,69
3319,Mar,58
3320,Sep,359
3321,Jun,365
3322,Jun,364
3323,Oct,365
3324,Sep,365
3325,Mar,333
3326,Jun,371
3327,Jun,388
3328,Dec,57
3329,Jul,40
3330,Jan,355
3331,Dec,97
3332,Jul,369
3333,Feb,16
3334,Jun,40
3335,Sep,128
3336,Sep,121
3337,Oct,46
3338,Sep,365
3339,Jan,351
3340,Jul,83
3341,Apr,185
3342,Sep,127
3343,Jan,356
3344,Sep,21
3345,Mar,176
3346,Jun,63
3347,Jun,57
3348,Apr,83
3349,Oct,48
3350,Mar,342
3351,Jun,75
3352,Apr,164
3353,Jul,357
3354,Dec,365
3355,Jan,197
3356,Dec,115
3357,Oct,360
3358,Nov,96
3359,Nov,357
3360,Mar,57
3361,Sep,50
3362,Oct,26
3363,Oct,76
3364,May,88
3365,Aug,354
3366,Nov,52
3367,Apr,362
3368,Mar,41
3369,Aug,360
3370,Jul,62
3371,Mar,361
3372,Oct,354
3373,Dec,356
3374,Dec,39
3375,Apr,102
3376,Jun,356
3377,Sep,72
3378,Sep,99
3379,Mar,94
3380,Apr,358
3381,Oct,19
3382,Oct,46
3383,Jan,134
3384,Aug,114
3385,Oct,45
3386,Sep,59
3387,Nov,32
3388,Sep,358
3389,Mar,44
3390,Sep,365
3391,Mar,360
3392,Sep,359
3393,Jun,358
3394,May,118
3395,Dec,34
3396,Aug,356
3397,May,8
3398,Sep,56
3399,Oct,13
3400,Jan,353
3401,May,70
3402,Nov,22
3403,Apr,357
3404,Mar,226
3405,Dec,50
3406,Dec,90
3407,Feb,59
3408,Dec,202
3409,Jul,357
3410,Mar,0
3411,Oct,364
3412,Feb,369
3413,Jan,351
3414,Jul,362
3415,Jul,46
3416,Jun,50
3417,Oct,353
3418,May,68
3419,May,352
3420,Apr,365
3421,Jun,59
3422,Oct,364
3423,Apr,363
3424,Dec,81
3425,Oct,8
3426,Jan,24
3427,May,44
3428,Apr,61
3429,Jan,355
3430,Jun,91
3431,Jan,49
3432,Nov,96
3433,May,331
3434,Jul,43
3435,Nov,160
3436,Mar,10
3437,Dec,356
3438,May,53
3439,Apr,136
3440,Mar,357
3441,Mar,53
3442,Nov,52
3443,Oct,363
3444,Oct,136
3445,Apr,356
3446,Oct,60
3447,May,1
3448,Jun,108
3449,Dec,48
3450,Apr,75
3451,May,49
3452,Feb,107
3453,Jul,302
3454,May,46
3455,Jan,354
3456,Sep,364
3457,Sep,46
3458,Dec,312
3459,Dec,356
3460,Jun,59
3461,Sep,355
3462,Dec,13
3463,Jul,364
3464,Dec,368
3465,May,43
3466,Feb,40
3467,Sep,19
3468,Oct,365
3469,Aug,360
3470,Aug,12
3471,Feb,283
3472,Oct,220
3473,Jan,365
3474,Nov,357
3475,Mar,215
3476,Aug,364
3477,Dec,359
3478,Apr,355
3479,Aug,77
3480,Jan,198
3481,Dec,97
3482,Feb,48
3483,Jan,106
3484,Sep,53
3485,Jun,73
3486,Dec,356
3487,Mar,47
3488,Aug,363
3489,Sep,360
3490,May,121
3491,Aug,54
3492,Mar,74
3493,Nov,353
3494,Oct,155
3495,May,197
3496,Sep,357
3497,Aug,355
3498,Apr,12
3499,Dec,356
3500,Mar,44
3501,Sep,215
3502,Feb,56
3503,Jun,390
3504,Jun,40
3505,Feb,51
3506,Aug,351
3507,Apr,328
3508,Jul,48
3509,Dec,124
3510,Mar,351
3511,Sep,365
3512,Jul,365
3513,Feb,7
3514,Nov,121
3515,Dec,6
3516,Nov,355
3517,Jun,358
3518,Nov,137
3519,Jan,60
3520,Aug,2
3521,Feb,83
3522,Oct,365
3523,Sep,86
3524,Feb,33
3525,Feb,49
3526,Jan,58
3527,Jun,61
3528,Mar,86
3529,Mar,159
3530,Jan,46
3531,Oct,193
3532,Feb,4
3533,Jul,1
3534,May,48
3535,Mar,354
3536,Jan,58
3537,Feb,188
3538,Dec,356
3539,Apr,25
3540,Dec,44
3541,Jan,356
3542,Apr,361
3543,Feb,300
3544,Nov,52
3545,Oct,356
3546,Nov,360
3547,Jan,98
3548,May,9
3549,Aug,71
3550,Jan,44
3551,Feb,79
3552,Dec,281
3553,May,1
3554,Apr,268
3555,May,97
3556,Sep,358
3557,Sep,47
3558,Sep,353
3559,Jun,68
3560,Aug,51
3561,May,172
3562,Sep,2
3563,Oct,104
3564,May,75
3565,Mar,357
3566,Jun,36
3567,Nov,360
3568,Jul,45
3569,Mar,60
3570,Oct,40
3571,Oct,358
3572,Jan,353
3573,Mar,357
3574,Jan,57
3575,Mar,131
3576,Mar,42
3577,Feb,354
3578,Dec,6
3579,Dec,175
3580,May,10
3581,Jul,55
3582,Oct,126
3583,Mar,85
3584,Jun,53
3585,Jan,359
3586,May,355
3587,Aug,37
3588,Oct,27
3589,Dec,2
3590,Mar,191
3591,Jan,53
3592,May,20
3593,Dec,351
3594,Nov,365
3595,Aug,354
3596,Jul,364
3597,Jan,75
3598,Jan,359
3599,Aug,51
3600,Feb,49
3601,Jul,60
3602,Jul,63
3603,Aug,55
3604,Mar,257
3605,Dec,146
3606,Sep,60
3607,Jul,119
3608,Aug,327
3609,Jan,74
3610,May,352
3611,Sep,56
3612,Jul,386
3613,Jan,67
3614,Oct,36
3615,Jan,351
3616,Jul,118
3617,Nov,350
3618,Jul,74
3619,Sep,333
3620,Oct,50
3621,Nov,51
3622,Jun,363
3623,Oct,360
3624,Jul,360
3625,Jun,72
3626,Aug,22
3627,Aug,99
3628,Jan,360
3629,May,9
3630,Aug,137
3631,Mar,64
3632,Sep,364
3633,Sep,144
3634,Jun,158
3635,Jan,8
3636,Apr,350
3637,Oct,49
3638,Nov,350
3639,Nov,352
3640,Jul,363
3641,Nov,52
3642,Mar,358
3643,Mar,63
3644,Aug,55
3645,Apr,355
3646,Feb,36
3647,Nov,352
3648,Dec,43
3649,Aug,95
3650,Oct,351
3651,Jun,197
3652,May,126
3653,Apr,7
3654,Apr,189
3655,Aug,49
3656,Nov,356
3657,Sep,55
3658,Sep,360
3659,Mar,34
3660,Jul,43
3661,Mar,95
3662,Sep,361
3663,Apr,91
3664,May,46
3665,Apr,147
3666,Sep,22
3667,Feb,6
3668,Sep,49
3669,Jul,101
3670,Feb,42
3671,Nov,355
3672,Jul,361
3673,Jan,152
3674,Oct,71
3675,Aug,139
3676,Apr,62
3677,Jan,10
3678,Mar,60
3679,Jun,355
3680,Oct,357
3681,Aug,148
3682,Mar,53
3683,Oct,59
3684,Aug,357
3685,Dec,19
3686,Sep,44
3687,Mar,30
3688,Jul,296
3689,Dec,58
3690,Apr,360
3691,Jul,361
3692,May,56
3693,Nov,361
3694,Aug,182
3695,May,360
3696,Oct,358
3697,Sep,204
3698,Sep,367
3699,Mar,356
3700,Aug,4
3701,Jul,359
3702,Aug,58
3703,Oct,353
3704,Aug,13
3705,Jul,42
3706,Oct,54
3707,Aug,132
3708,Apr,364
3709,Aug,359
3710,Jul,352
3711,Feb,106
3712,Nov,30
3713,Mar,55
3714,Dec,357
3715,Oct,62
3716,Feb,27
3717,Mar,359
3718,Dec,52
3719,Apr,281
3720,Feb,67
3721,Dec,121
3722,Jun,353
3723,Jan,363
3724,Jun,31
3725,Dec,40
3726,Feb,360
3727,Mar,359
3728,Mar,360
3729,Nov,162
3730,Sep,32
3731,Jul,33
3732,Mar,27
3733,Mar,356
3734,Dec,221
3735,Sep,325
3736,Dec,17
3737,Feb,86
3738,Apr,70
3739,Apr,128
3740,Dec,234
3741,Nov,351
3742,May,45
3743,May,175
3744,Apr,359
3745,May,47
3746,Jul,44
3747,Jan,357
3748,Jan,84
3749,Jul,98
3750,Apr,100
3751,Dec,358
3752,Jun,172
3753,Mar,357
3754,Feb,43
3755,Mar,104
3756,Jul,69
3757,Oct,24
3758,Sep,15
3759,Aug,357
3760,Jun,357
3761,Jun,360
3762,Jul,80
3763,Nov,29
3764,Jun,45
3765,Dec,352
3766,Jun,378
3767,Dec,365
3768,Jun,358
3769,Dec,155
3770,Dec,46
3771,Nov,102
3772,Feb,43
3773,Nov,357
3774,Sep,355
3775,Apr,359
3776,Jun,357
3777,Jul,111
3778,Aug,58
3779,Apr,43
3780,May,10
3781,Jul,10
3782,Jul,351
3783,Sep,96
3784,Oct,181
3785,Jul,57
3786,Feb,360
3787,Nov,359
3788,Jul,59
3789,Jul,75
3790,Aug,147
3791,Jul,43
3792,Jun,6
3793,Jan,24
3794,Feb,352
3795,Nov,108
3796,Jun,97
3797,Apr,191
3798,Oct,50
3799,Sep,356
3800,Jun,20
3801,Jun,356
3802,Dec,76
3803,Sep,48
3804,Jul,356
3805,Mar,164
3806,Oct,55
3807,Jul,364
3808,Dec,26
3809,Jan,43
3810,Oct,62
3811,Apr,258
3812,Jun,360
3813,Feb,42
3814,Aug,109
3815,Feb,355
3816,Apr,52
3817,Dec,51
3818,Sep,51
3819,Jul,50
3820,Nov,352
3821,Nov,360
3822,Jun,59
3823,Apr,62
3824,Jan,115
3825,Oct,360
3826,May,139
3827,Jan,360
3828,Nov,360
3829,Feb,362
3830,Nov,148
3831,Aug,52
3832,Nov,355
3833,Dec,93
3834,Apr,353
3835,Jul,49
3836,Apr,350
3837,Oct,39
3838,Aug,356
3839,Apr,19
3840,Jun,359
3841,Mar,56
3842,Nov,9
3843,Sep,65
3844,Jan,353
3845,Aug,3
3846,Aug,350
3847,Sep,353
3848,Jul,74
3849,Nov,47
3850,Aug,143
3851,Jun,165
3852,May,350
3853,Sep,11
3854,Sep,193
3855,Mar,358
3856,Oct,47
3857,Apr,316
3858,Feb,52
3859,Dec,65
3860,Feb,352
3861,Mar,62
3862,May,229
3863,Aug,360
3864,Sep,288
3865,Nov,219
3866,Mar,359
3867,May,84
3868,Feb,356
3869,Jan,8
3870,Jan,3
3871,Dec,68
3872,Jul,53
3873,Jun,360
3874,Mar,358
3875,Jan,63
3876,Jul,43
3877,Aug,146
3878,Feb,352
3879,May,360
3880,May,364
3881,Oct,211
3882,Aug,25
3883,Sep,365
3884,May,365
3885,Aug,146
3886,Feb,327
3887,Dec,267
3888,Sep,162
3889,Jun,164
3890,Jul,57
3891,Dec,130
3892,Mar,364
3893,Feb,291
3894,Mar,190
3895,Aug,361
3896,Apr,32
3897,Oct,143
3898,Nov,44
3899,Jan,364
3900,May,148
3901,Sep,156
3902,Apr,54
3903,Sep,230
3904,Dec,52
3905,Apr,20
3906,Jun,42
3907,Aug,171
3908,Mar,358
3909,Feb,355
3910,Nov,363
3911,Jun,355
3912,May,354
3913,Nov,357
3914,Oct,355
3915,Jun,204
3916,Mar,68
3917,Aug,361
3918,Sep,54
3919,Mar,95
3920,Aug,68
3921,Mar,58
3922,Dec,46
3923,Nov,14
3924,Feb,120
3925,Nov,9
3926,Jul,360
3927,Jan,358
3928,Mar,131
3929,Mar,148
3930,Apr,357
3931,Mar,365
3932,Oct,53
3933,Oct,360
3934,Jun,45
3935,Jul,44
3936,Oct,365
3937,Jul,56
3938,Apr,156
3939,Dec,365
3940,May,355
3941,Feb,278
3942,Feb,131
3943,Nov,3
3944,Oct,360
3945,Nov,359
3946,Feb,59
3947,Apr,26
3948,Apr,57
3949,Jan,365
3950,Aug,45
3951,Jun,58
3952,Aug,362
3953,Oct,93
3954,May,10
3955,Aug,359
3956,Jul,147
3957,May,58
3958,Apr,354
3959,Jan,16
3960,Jun,3
3961,Jan,70
3962,Sep,360
3963,Jul,235
3964,Apr,278
3965,Aug,106
3966,Sep,24
3967,Sep,93
3968,Jun,60
3969,Oct,360
3970,Jun,352
3971,Dec,189
3972,Mar,30
3973,Jan,158
3974,Mar,50
3975,Jul,352
3976,Jun,271
3977,Sep,23
3978,Jun,4
3979,Nov,20
3980,Sep,47
3981,Feb,360
3982,Jan,360
3983,Nov,53
3984,Apr,355
3985,Feb,192
3986,Sep,231
3987,Mar,382
3988,Dec,339
3989,Feb,8
3990,May,41
3991,Mar,360
3992,Mar,14
3993,Dec,46
3994,Dec,270
3995,Apr,324
3996,Oct,363
3997,May,124
3998,Aug,355
3999,May,360
4000,Dec,11
4001,May,37
4002,Nov,352
4003,Aug,20
4004,Mar,343
4005,Sep,48
4006,Apr,241
4007,Jan,77
4008,Oct,350
4009,Sep,362
4010,Jan,49
4011,Feb,50
4012,Jul,358
4013,Jan,360
4014,Jun,25
4015,Jun,350
4016,Jul,43
4017,Jan,21
4018,Dec,352
4019,Jul,315
4020,Oct,100
4021,Aug,92
4022,Jul,71
4023,Sep,233
4024,Nov,350
4025,Sep,44
4026,Jul,354
4027,Mar,82
4028,Sep,328
4029,Dec,276
4030,Aug,59
4031,Jul,1
4032,Oct,23
4033,Mar,120
4034,Feb,183
4035,Nov,355
4036,Nov,75
4037,Oct,365
4038,Nov,43
4039,Oct,359
4040,Mar,358
4041,Mar,358
4042,Feb,355
4043,Feb,17
4044,Jun,359
4045,Nov,7
4046,Nov,363
4047,Aug,12
4048,Jan,356
4049,Nov,12
4050,Jun,20
4051,Apr,182
4052,Aug,33
4053,Feb,30
4054,Nov,41
4055,Oct,50
4056,Jul,358
4057,Oct,351
4058,Nov,360
4059,Mar,50
4060,Dec,52
4061,Jul,358
4062,Jun,48
4063,Jan,58
4064,Apr,66
4065,Sep,362
4066,Mar,150
4067,Mar,358
4068,Jun,354
4069,Jun,42
4070,Jan,36
4071,Jul,83
4072,Jun,99
4073,Sep,50
4074,May,148
4075,Jan,64
4076,Sep,49
4077,Feb,47
4078,Aug,361
4079,Jul,0
4080,Feb,356
4081,Nov,321
4082,Feb,364
4083,Feb,91
4084,May,353
4085,Feb,362
4086,Dec,87
4087,Oct,76
4088,Oct,35
4089,Feb,48
4090,Feb,183
4091,Jun,54
4092,Oct,85
4093,Nov,300
4094,Nov,46
4095,Jan,74
4096,Sep,56
4097,Jul,80
4098,Mar,357
4099,Apr,256
4100,Dec,357
4101,Mar,110
4102,Jan,84
4103,Dec,84
4104,Jul,35
4105,Jan,13
4106,Oct,40
4107,Feb,360
4108,Feb,359
4109,Jan,343
4110,Apr,63
4111,May,65
4112,Apr,36
4113,Jun,54
4114,Sep,352
4115,May,45
4116,Jun,357
4117,Oct,106
4118,Oct,360
4119,Jul,20
4120,May,47
4121,Jul,201
4122,Jul,90
4123,Dec,59
4124,May,31
4125,Aug,21
4126,Jul,359
4127,Mar,69
4128,May,361
4129,Nov,356
4130,Mar,63
4131,Mar,59
4132,Aug,169
4133,Mar,104
4134,Aug,46
4135,Jun,9
4136,Feb,46
4137,May,195
4138,Dec,44
4139,Mar,53
4140,Nov,395
4141,Nov,53
4142,Aug,365
4143,Feb,86
4144,Oct,23
4145,Oct,41
4146,Feb,360
4147,Aug,36
4148,Jun,180
4149,Feb,41
4150,Jul,32
4151,May,1
4152,Dec,357
4153,Jul,151
4154,Mar,75
4155,Aug,91
4156,Jan,88
4157,Oct,360
4158,Jun,357
4159,Sep,358
4160,Jan,46
4161,Mar,144
4162,Feb,360
4163,Jul,50
4164,Jun,55
4165,Dec,359
4166,Aug,100
4167,Jun,64
4168,Jul,307
4169,Jun,31
4170,Nov,352
4171,Apr,355
4172,Apr,42
4173,Dec,357
4174,Nov,90
4175,Jun,48
4176,Feb,10
4177,Jun,356
4178,May,338
4179,Jan,351
4180,Jan,353
4181,Aug,56
4182,Mar,53
4183,Oct,355
4184,Jul,16
4185,Feb,39
4186,Mar,349
4187,Jul,343
4188,Feb,363
4189,Feb,250
4190,Feb,35
4191,Sep,355
4192,Jul,149
4193,Jun,359
4194,Jul,83
4195,Apr,56
4196,Jul,352
4197,Aug,353
4198,Aug,51
4199,Feb,44
4200,Dec,44
4201,Nov,50
4202,Sep,34
4203,Jun,364
4204,Nov,8
4205,Aug,30
4206,May,103
4207,Mar,359
4208,Apr,352
4209,Jul,111
4210,Oct,245
4211,Jun,58
4212,Apr,40
4213,Aug,355
4214,Jan,96
4215,May,365
4216,Nov,43
4217,Feb,121
4218,Oct,16
4219,Jan,47
4220,Jan,133
4221,May,52
4222,May,59
4223,Mar,145
4224,Feb,358
4225,Sep,55
4226,Mar,66
4227,Mar,89
4228,Nov,115
4229,Nov,63
4230,Jul,45
4231,Mar,358
4232,Apr,56
4233,Aug,350
4234,Apr,190
4235,Aug,51
4236,Dec,362
4237,Dec,10
4238,Apr,360
4239,Oct,58
4240,Jun,331
4241,Dec,95
4242,May,352
4243,May,355
4244,Aug,19
4245,Oct,18
4246,Apr,358
4247,Oct,155
4248,Jun,198
4249,Jul,354
4250,Jan,158
4251,Nov,355
4252,Sep,335
4253,Feb,53
4254,Oct,165
4255,May,355
4256,Oct,87
4257,Aug,59
4258,Sep,73
4259,Feb,358
4260,May,131
4261,Apr,351
4262,Apr,3
4263,Jan,78
4264,Apr,7
4265,Nov,48
4266,Aug,3
4267,Jun,41
4268,Nov,148
4269,Sep,83
4270,Jul,355
4271,Dec,357
4272,Oct,184
4273,Dec,129
4274,Jun,163
4275,Oct,43
4276,Jun,20
4277,Jan,106
4278,Jan,83
4279,Mar,17
4280,Apr,155
4281,Jun,76
4282,Nov,351
4283,Nov,363
4284,Jan,61
4285,Jan,358
4286,Aug,18
4287,Oct,106
4288,Jun,53
4289,May,65
4290,Mar,11
4291,Nov,142
4292,May,172
4293,Apr,8
4294,Oct,258
4295,Oct,136
4296,Jan,58
4297,Feb,8
4298,Aug,84
4299,Aug,361
4300,Feb,60
4301,Nov,33
4302,Dec,28
4303,May,355
4304,Jul,290
4305,Aug,359
4306,Mar,287
4307,Aug,49
4308,Oct,350
4309,Nov,50
4310,May,355
4311,Jul,153
4312,Feb,42
4313,Jun,359
4314,Apr,71
4315,Oct,24
4316,Jun,55
4317,Jun,8
4318,Feb,364
4319,Nov,21
4320,Dec,361
4321,Aug,359
4322,Apr,357
4323,Dec,44
4324,Jul,48
4325,Apr,194
4326,Jul,357
4327,Feb,361
4328,Aug,364
4329,May,360
4330,Jun,60
4331,Sep,48
4332,Aug,189
4333,Jul,357
4334,Jan,14
4335,Dec,363
4336,Apr,67
4337,Aug,363
4338,Apr,359
4339,Mar,5
4340,Jul,3
4341,May,158
4342,Jul,353
4343,Aug,66
4344,Sep,12
4345,Sep,14
4346,Jan,46
4347,Jul,27
4348,Jan,359
4349,Dec,75
4350,Apr,34
4351,Nov,55
4352,Dec,58
4353,Dec,358
4354,Dec,167
4355,Dec,109
4356,Aug,364
4357,Jan,200
4358,Apr,50
4359,Aug,71
4360,Feb,354
4361,Mar,350
4362,Aug,53
4363,Jul,352
4364,Aug,99
4365,Mar,355
4366,Oct,165
4367,Mar,40
4368,Nov,5
4369,Dec,44
4370,May,21
4371,Mar,57
4372,Sep,10
4373,Mar,100
4374,Oct,24
4375,Apr,182
4376,Apr,55
4377,Oct,94
4378,Feb,353
4379,Oct,49
4380,Oct,41
4381,Aug,50
4382,Feb,359
4383,Nov,383
4384,Jul,360
4385,Apr,52
4386,Jul,143
4387,Nov,41
4388,Mar,153
4389,Jan,353
4390,Feb,100
4391,Jul,95
4392,Nov,354
4393,Feb,55
4394,May,4
4395,Sep,55
4396,Sep,53
4397,Sep,53
4398,Aug,53
4399,Oct,355
4400,Jan,356
4401,Apr,93
4402,Dec,80
4403,Apr,26
4404,Mar,66
4405,Jul,177
4406,Nov,7
4407,Jan,355
4408,May,357
4409,Sep,12
4410,Jan,355
4411,Dec,79
4412,Apr,353
4413,May,11
4414,May,159
4415,Sep,64
4416,Oct,354
4417,Jun,160
4418,Feb,356
4419,Mar,80
4420,Aug,40
4421,Jul,354
4422,May,218
4423,Mar,355
4424,Jan,365
4425,Jul,45
4426,Apr,358
4427,May,29
4428,Nov,31
4429,Sep,50
4430,Mar,57
4431,Jan,360
4432,Feb,50
4433,Aug,48
4434,May,114
4435,Jan,23
4436,Apr,360
4437,Apr,51
4438,Jun,359
4439,Sep,127
4440,Sep,365
4441,Aug,7
4442,Nov,68
4443,Dec,354
4444,Nov,40
4445,May,47
4446,Jan,90
4447,Nov,77
4448,Nov,386
4449,Jan,351
4450,Jul,40
4451,Oct,54
4452,Jan,1
4453,May,51
4454,Sep,97
4455,Nov,121
4456,Jan,360
4457,Oct,269
4458,Jan,37
4459,Jul,94
4460,Feb,83
4461,Jan,166
4462,May,25
4463,Jun,96
4464,Jan,354
4465,Jul,6
4466,Dec,361
4467,Aug,50
4468,Jul,352
4469,Jul,50
4470,Sep,355
4471,May,350
4472,Aug,355
4473,Oct,108
4474,Aug,217
4475,Apr,18
4476,Jul,356
4477,Aug,60
4478,May,197
4479,Nov,360
4480,Jul,49
4481,Feb,353
4482,Dec,100
4483,Dec,25
4484,Mar,360
4485,Nov,355
4486,Feb,275
4487,Apr,355
4488,Apr,38
4489,Jun,148
4490,Nov,59
4491,Aug,358
4492,Sep,169
4493,Jan,240
4494,Feb,155
4495,Sep,43
4496,Dec,351
4497,Oct,197
4498,Apr,362
4499,Mar,362
4500,Jan,140
4501,Oct,354
4502,Aug,0
4503,Feb,52
4504,Apr,24
4505,Jun,81
4506,Jul,357
4507,Dec,63
4508,Feb,338
4509,Jan,167
4510,Mar,34
4511,Feb,359
4512,Oct,352
4513,Jun,359
4514,Aug,29
4515,Sep,363
4516,Jan,27
4517,Nov,15
4518,Aug,89
4519,Jan,358
4520,Oct,17
4521,Jul,304
4522,Jan,357
4523,Feb,50
4524,Jul,356
4525,Aug,188
4526,Aug,355
4527,Aug,359
4528,Aug,360
4529,Sep,364
4530,May,192
4531,Aug,0
4532,Jul,6
4533,Jul,59
4534,Jun,52
4535,Sep,14
4536,Jun,40
4537,Apr,24
4538,Apr,365
4539,Aug,37
4540,Apr,229
4541,Jul,361
4542,Dec,357
4543,Aug,44
4544,Jun,49
4545,Nov,93
4546,Jun,353
4547,Jan,15
4548,Aug,214
4549,Feb,153
4550,Jan,52
4551,Nov,1
4552,Apr,345
4553,Jan,142
4554,May,359
4555,May,350
4556,Aug,202
4557,Dec,58
4558,May,44
4559,Sep,360
4560,Jan,364
4561,Dec,47
4562,Dec,52
4563,Dec,365
4564,Mar,45
4565,Apr,357
4566,Jul,353
4567,Mar,350
4568,Apr,365
4569,Sep,360
4570,Jun,82
4571,Aug,364
4572,Apr,169
4573,Jun,351
4574,Mar,364
4575,Mar,359
4576,May,56
4577,May,343
4578,Feb,60
4579,Jun,223
4580,Dec,191
4581,Aug,361
4582,Aug,64
4583,Jul,86
4584,Sep,187
4585,Oct,18
4586,Oct,233
4587,Mar,36
4588,Mar,15
4589,Mar,27
4590,May,229
4591,Oct,159
4592,Aug,117
4593,Oct,352
4594,May,360
4595,Apr,185
4596,May,44
4597,Sep,55
4598,Jul,355
4599,Jan,355
4600,Oct,364
4601,May,249
4602,Jul,257
4603,Mar,172
4604,Dec,94
4605,Dec,57
4606,Oct,104
4607,May,48
4608,Mar,355
4609,Apr,263
4610,Oct,100
4611,Oct,65
4612,Aug,289
4613,Dec,355
4614,Mar,140
4615,Aug,353
4616,Sep,351
4617,Sep,48
4618,May,41
4619,Jan,356
4620,Sep,355
4621,Jan,63
4622,Feb,171
4623,Sep,63
4624,Sep,360
4625,Jun,100
4626,May,76
4627,Jun,43
4628,Aug,44
4629,Jul,357
4630,Mar,95
4631,Jun,96
4632,Jan,107
4633,Jun,15
4634,Oct,255
4635,May,355
4636,Mar,355
4637,Oct,1
4638,Sep,360
4639,Jan,355
4640,Mar,67
4641,Jun,357
4642,Aug,13
4643,Jun,353
4644,Oct,356
4645,Dec,358
4646,Feb,200
4647,Aug,361
4648,Jul,356
4649,Jun,308
4650,Oct,138
4651,Feb,45
4652,May,65
4653,Feb,44
4654,Nov,179
4655,Jul,55
4656,Nov,364
4657,Dec,356
4658,May,12
4659,Aug,49
4660,Apr,41
4661,Mar,141
4662,May,57
4663,Nov,350
4664,Mar,353
4665,Apr,132
4666,Jan,58
4667,Jul,93
4668,Aug,328
4669,Apr,356
4670,Jan,42
4671,Jun,356
4672,Dec,360
4673,Jul,362
4674,Sep,132
4675,May,116
4676,Dec,364
4677,Apr,96
4678,Jun,364
4679,Oct,55
4680,Jul,72
4681,Dec,50
4682,Jun,363
4683,Apr,358
4684,Nov,122
4685,Mar,146
4686,Jul,99
4687,Aug,63
4688,Aug,24
4689,Apr,60
4690,Jan,356
4691,Apr,179
4692,Feb,372
4693,Oct,360
4694,Nov,357
4695,Aug,147
4696,May,200
4697,Aug,364
4698,Mar,350
4699,Jan,157
4700,Mar,7
4701,Mar,192
4702,Feb,358
4703,Mar,45
4704,Jul,353
4705,May,365
4706,Nov,362
4707,Dec,64
4708,Jan,27
4709,Feb,365
4710,May,35
4711,Dec,85
4712,Apr,350
4713,Jun,64
4714,Aug,358
4715,May,363
4716,Nov,268
4717,Mar,360
4718,Apr,26
4719,May,358
4720,Dec,30
4721,Jan,10
4722,Jan,354
4723,Nov,356
4724,Jul,356
4725,Apr,57
4726,May,358
4727,Aug,46
4728,Jan,88
4729,Jun,337
4730,Dec,358
4731,Sep,47
4732,Oct,3
4733,Sep,47
4734,Dec,350
4735,Jul,352
4736,Sep,347
4737,Feb,357
4738,May,53
4739,Apr,42
4740,Jun,356
4741,Sep,6
4742,Mar,173
4743,Oct,222
4744,Aug,7
4745,Nov,46
4746,Dec,381
4747,Dec,352
4748,Apr,33
4749,Mar,280
4750,Jul,357
4751,Dec,355
4752,Aug,41
4753,Mar,359
4754,Apr,52
4755,Mar,361
4756,Apr,352
4757,Nov,357
4758,May,52
4759,Sep,27
4760,Dec,355
4761,May,355
4762,Nov,181
4763,Sep,47
4764,Oct,354
4765,Mar,358
4766,Nov,54
4767,Nov,32
4768,Sep,21
4769,Mar,93
4770,Dec,40
4771,Dec,59
4772,Mar,187
4773,May,356
4774,Sep,52
4775,May,355
4776,Apr,68
4777,Jun,51
4778,Sep,56
4779,Feb,149
4780,Jul,28
4781,Jun,355
4782,Jan,354
4783,Jun,357
4784,Mar,354
4785,Mar,43
4786,May,47
4787,Jul,359
4788,Jun,11
4789,May,96
4790,Mar,356
4791,Sep,3
4792,Aug,83
4793,Nov,111
4794,Sep,360
4795,Oct,99
4796,Mar,235
4797,Oct,58
4798,Oct,9
4799,Jul,359
4800,Jun,214
4801,Jun,72
4802,Feb,68
4803,Apr,363
4804,Jul,45
4805,Sep,54
4806,Aug,106
4807,Sep,363
4808,Apr,21
4809,Jan,41
4810,May,213
4811,May,216
4812,Oct,396
4813,Feb,192
4814,Jan,50
4815,Sep,49
4816,Sep,250
4817,Mar,49
4818,Jan,362
4819,Oct,50
4820,Sep,53
4821,Feb,54
4822,Nov,55
4823,Sep,346
4824,May,39
4825,Aug,70
4826,Jul,355
4827,Dec,112
4828,Mar,360
4829,Apr,365
4830,Sep,32
4831,Oct,360
4832,Aug,134
4833,Aug,44
4834,Oct,359
4835,May,356
4836,Jan,56
4837,Apr,350
4838,Jan,49
4839,Feb,49
4840,Jul,43
4841,Sep,57
4842,Feb,57
4843,Feb,361
4844,Sep,151
4845,Feb,53
4846,Oct,261
4847,Nov,54
4848,May,364
4849,Jan,150
4850,Jun,357
4851,Aug,360
4852,Oct,51
4853,Jan,87
4854,Oct,58
4855,May,45
4856,Jul,1
4857,Jan,40
4858,Feb,84
4859,Jan,260
4860,Feb,91
4861,Aug,52
4862,Oct,353
4863,Aug,97
4864,Feb,360
4865,Nov,97
4866,Mar,9
4867,Sep,259
4868,Aug,83
4869,Apr,78
4870,Nov,361
4871,Apr,355
4872,Jun,353
4873,Feb,362
4874,Jul,7
4875,Sep,130
4876,May,65
4877,Sep,26
4878,Jul,121
4879,Mar,190
4880,Feb,115
4881,May,362
4882,Oct,359
4883,Mar,362
4884,Aug,361
4885,Jan,124
4886,Aug,51
4887,Dec,165
4888,Apr,6
4889,Apr,114
4890,Mar,360
4891,May,40
4892,Sep,232
4893,Dec,50
4894,Jul,41
4895,May,72
4896,Apr,334
4897,Feb,19
4898,Dec,126
4899,Dec,17
4900,Sep,300
4901,Mar,359
4902,Jan,362
4903,Jan,102
4904,Feb,23
4905,Mar,353
4906,Jul,73
4907,Oct,352
4908,Jan,142
4909,Sep,2
4910,Feb,322
4911,Dec,364
4912,Apr,363
4913,Sep,48
4914,Aug,180
4915,Jul,54
4916,Jun,359
4917,Sep,353
4918,Sep,350
4919,Apr,56
4920,Mar,74
4921,Sep,365
4922,May,73
4923,Jul,207
4924,Sep,360
4925,Apr,360
4926,Sep,363
4927,May,350
4928,Aug,34
4929,May,9
4930,Apr,350
4931,Jul,362
4932,Nov,355
4933,Mar,356
4934,Mar,360
4935,Jan,355
4936,Feb,352
4937,Mar,50
4938,Jun,19
4939,Sep,81
4940,Sep,359
4941,Mar,60
4942,Dec,364
4943,Oct,355
4944,Oct,40
4945,Sep,364
4946,Jun,1
4947,Feb,99
4948,Aug,360
4949,Jul,7
4950,Jun,64
4951,Dec,47
4952,Feb,358
4953,Nov,360
4954,Apr,358
4955,Jun,78
4956,Oct,284
4957,Aug,350
4958,Oct,45
4959,Dec,58
4960,Mar,56
4961,Jun,363
4962,Oct,10
4963,Jul,354
4964,Dec,389
4965,Jul,135
4966,Dec,43
4967,Jan,362
4968,Nov,359
4969,May,40
4970,Jun,195
4971,Dec,107
4972,Jul,360
4973,Apr,46
4974,Mar,174
4975,Feb,75
4976,Dec,351
4977,Apr,92
4978,Apr,94
4979,May,346
4980,Oct,94
4981,Jun,359
4982,Feb,50
4983,Sep,353
4984,Aug,358
4985,May,188
4986,Mar,360
4987,May,50
4988,Aug,359
4989,Jan,90
4990,Aug,53
4991,Dec,28
4992,May,353
4993,Apr,55
4994,Oct,33
4995,Mar,23
4996,Apr,192
4997,Feb,40
4998,Jul,80
4999,Nov,353
